station_id,2020-04-01,2020-04-02,2020-04-03,2020-04-04,2020-04-05,2020-04-06,2020-04-07,2020-04-08,2020-04-09,2020-04-10,2020-04-11,2020-04-12,2020-04-13,2020-04-14,2020-04-15,2020-04-16,2020-04-17,2020-04-18,2020-04-19,2020-04-20,2020-04-21,2020-04-22,2020-04-23,2020-04-24,2020-04-25,2020-04-26,2020-04-27,2020-04-28,2020-04-29,2020-04-30
2,3.0,3.0,6.0,2.0,0.0,0.0,-4.0,3.0,3.0,-4.0,-6.0,-1.0,1.0,2.0,1.0,3.0,-1.0,-1.0,3.0,-1.0,-1.0,1.0,3.0,1.0,1.0,4.0,1.0,-3.0,0.0,0.0
3,0.0,0.0,0.0,0.0,0.0,0.0,0.0,0.0,0.0,0.0,0.0,0.0,0.0,0.0,0.0,0.0,0.0,1.0,0.0,1.0,1.0,0.0,1.0,0.0,0.0,0.0,0.0,0.0,0.0,1.0
4,0.0,0.0,0.0,0.0,0.0,0.0,0.0,0.0,0.0,1.0,0.0,0.0,0.0,0.0,0.0,0.0,0.0,0.0,0.0,0.0,0.0,0.0,0.0,0.0,0.0,0.0,0.0,0.0,0.0,0.0
5,0.0,1.0,-4.0,-1.0,2.0,-6.0,-1.0,1.0,-1.0,0.0,2.0,1.0,-1.0,0.0,1.0,1.0,0.0,-3.0,-1.0,1.0,2.0,-1.0,0.0,1.0,1.0,-1.0,-1.0,-2.0,0.0,-1.0
6,0.0,0.0,1.0,0.0,0.0,0.0,0.0,0.0,0.0,0.0,1.0,0.0,0.0,0.0,0.0,0.0,0.0,2.0,0.0,0.0,0.0,0.0,0.0,0.0,0.0,4.0,0.0,0.0,0.0,0.0
7,0.0,1.0,6.0,-4.0,2.0,-3.0,5.0,-3.0,0.0,0.0,-2.0,-1.0,2.0,-2.0,0.0,-5.0,4.0,-1.0,3.0,-2.0,-1.0,-4.0,0.0,-2.0,1.0,2.0,-3.0,-1.0,1.0,-1.0
9,1.0,1.0,1.0,0.0,1.0,0.0,0.0,0.0,0.0,0.0,0.0,1.0,1.0,0.0,0.0,1.0,0.0,0.0,0.0,0.0,1.0,0.0,1.0,1.0,0.0,3.0,0.0,0.0,0.0,0.0
11,0.0,0.0,0.0,0.0,-3.0,-2.0,-1.0,0.0,0.0,3.0,0.0,3.0,0.0,0.0,0.0,0.0,0.0,0.0,0.0,0.0,0.0,0.0,0.0,-2.0,0.0,-1.0,0.0,0.0,0.0,3.0
12,0.0,1.0,1.0,0.0,0.0,0.0,-3.0,0.0,0.0,0.0,0.0,0.0,0.0,0.0,0.0,0.0,0.0,0.0,1.0,1.0,0.0,0.0,0.0,0.0,0.0,-1.0,1.0,1.0,0.0,-1.0
13,-6.0,3.0,1.0,-5.0,1.0,-6.0,1.0,9.0,-7.0,3.0,8.0,10.0,2.0,0.0,2.0,4.0,3.0,4.0,1.0,2.0,2.0,2.0,-1.0,2.0,0.0,-5.0,8.0,-2.0,0.0,5.0
14,0.0,0.0,-1.0,1.0,1.0,3.0,1.0,-1.0,0.0,2.0,0.0,-1.0,0.0,2.0,0.0,4.0,-2.0,-1.0,1.0,6.0,-1.0,0.0,-2.0,-1.0,0.0,-2.0,4.0,-3.0,1.0,-4.0
15,2.0,-1.0,3.0,-5.0,-2.0,2.0,2.0,4.0,2.0,-1.0,3.0,1.0,-1.0,-1.0,0.0,1.0,0.0,3.0,-2.0,6.0,3.0,-1.0,1.0,0.0,0.0,5.0,1.0,-1.0,-1.0,3.0
16,-1.0,-1.0,5.0,3.0,-3.0,0.0,-3.0,1.0,0.0,1.0,2.0,-1.0,-3.0,0.0,0.0,-3.0,-2.0,6.0,-4.0,-3.0,1.0,-2.0,1.0,-3.0,0.0,-4.0,-3.0,-2.0,0.0,0.0
17,1.0,-2.0,-6.0,2.0,11.0,0.0,-2.0,7.0,-1.0,0.0,-5.0,2.0,-4.0,-1.0,0.0,-3.0,2.0,5.0,-3.0,0.0,-2.0,2.0,0.0,-2.0,-1.0,-2.0,1.0,-6.0,1.0,-2.0
18,-1.0,-2.0,-2.0,0.0,0.0,4.0,-1.0,-2.0,2.0,0.0,0.0,-2.0,-1.0,-1.0,-1.0,0.0,-2.0,-5.0,1.0,0.0,1.0,-2.0,0.0,0.0,0.0,1.0,-3.0,-4.0,0.0,-1.0
19,1.0,1.0,-1.0,0.0,-1.0,-6.0,0.0,0.0,2.0,-1.0,-3.0,4.0,3.0,1.0,-1.0,0.0,1.0,-1.0,-2.0,1.0,2.0,3.0,2.0,0.0,1.0,-4.0,1.0,0.0,0.0,0.0
20,3.0,-4.0,0.0,1.0,-2.0,3.0,0.0,0.0,0.0,-6.0,5.0,-6.0,-5.0,2.0,0.0,-2.0,0.0,4.0,5.0,0.0,0.0,-2.0,2.0,0.0,0.0,-4.0,-2.0,2.0,0.0,-1.0
21,-3.0,-2.0,-1.0,2.0,3.0,-1.0,-1.0,-1.0,0.0,1.0,2.0,4.0,-5.0,2.0,1.0,4.0,1.0,0.0,-8.0,1.0,-3.0,1.0,3.0,-3.0,-2.0,6.0,-1.0,-2.0,-1.0,3.0
22,4.0,2.0,-7.0,6.0,2.0,-1.0,1.0,-3.0,-4.0,-1.0,-4.0,-2.0,-2.0,1.0,0.0,0.0,-2.0,4.0,2.0,-1.0,-5.0,1.0,-3.0,1.0,-1.0,4.0,-1.0,0.0,0.0,-6.0
23,2.0,0.0,-1.0,0.0,-2.0,3.0,0.0,0.0,1.0,-1.0,0.0,4.0,-1.0,0.0,0.0,-2.0,0.0,-1.0,0.0,0.0,0.0,1.0,0.0,2.0,1.0,6.0,1.0,1.0,1.0,0.0
24,3.0,-1.0,0.0,6.0,5.0,1.0,-3.0,-1.0,-3.0,-1.0,1.0,-5.0,2.0,-2.0,-3.0,-3.0,1.0,8.0,-8.0,6.0,1.0,4.0,1.0,1.0,-1.0,-4.0,4.0,-2.0,0.0,-4.0
25,0.0,1.0,-5.0,3.0,-1.0,-2.0,8.0,0.0,1.0,0.0,5.0,0.0,0.0,-1.0,1.0,0.0,1.0,-3.0,3.0,4.0,0.0,1.0,-1.0,-3.0,0.0,1.0,-1.0,-4.0,1.0,0.0
26,-3.0,-3.0,-2.0,3.0,-6.0,-4.0,1.0,-2.0,-3.0,-2.0,-4.0,-2.0,5.0,-1.0,-5.0,5.0,-2.0,-5.0,5.0,-3.0,-1.0,3.0,-5.0,5.0,-1.0,2.0,4.0,-7.0,3.0,2.0
27,0.0,2.0,0.0,-3.0,-3.0,1.0,-5.0,-1.0,0.0,3.0,8.0,-1.0,1.0,1.0,0.0,-1.0,4.0,5.0,1.0,3.0,-4.0,1.0,-1.0,-1.0,1.0,2.0,0.0,4.0,0.0,0.0
28,-4.0,-2.0,-3.0,-1.0,-1.0,1.0,4.0,-2.0,0.0,0.0,0.0,-1.0,-2.0,3.0,-1.0,0.0,1.0,-1.0,4.0,3.0,-1.0,-1.0,0.0,1.0,0.0,3.0,3.0,1.0,-1.0,-2.0
29,3.0,0.0,-3.0,6.0,-2.0,3.0,1.0,-4.0,-1.0,0.0,-2.0,2.0,1.0,2.0,-1.0,1.0,0.0,-3.0,3.0,-2.0,0.0,4.0,-1.0,-1.0,4.0,-3.0,1.0,-3.0,0.0,3.0
30,-5.0,2.0,1.0,0.0,-4.0,-2.0,3.0,2.0,2.0,2.0,-2.0,0.0,-4.0,-1.0,0.0,0.0,-1.0,1.0,1.0,4.0,-2.0,-1.0,1.0,1.0,0.0,0.0,-1.0,3.0,0.0,-2.0
31,1.0,3.0,10.0,-1.0,-3.0,-1.0,3.0,0.0,1.0,0.0,-4.0,0.0,0.0,-3.0,-6.0,-3.0,0.0,0.0,-3.0,1.0,-2.0,-2.0,-5.0,-2.0,1.0,-4.0,0.0,-2.0,-2.0,1.0
32,3.0,2.0,3.0,0.0,0.0,0.0,3.0,0.0,0.0,1.0,0.0,0.0,-1.0,1.0,1.0,1.0,1.0,-1.0,0.0,2.0,-1.0,0.0,0.0,1.0,1.0,0.0,-1.0,1.0,0.0,0.0
33,0.0,0.0,1.0,0.0,0.0,1.0,5.0,-4.0,-3.0,1.0,-2.0,-1.0,4.0,0.0,0.0,-1.0,2.0,-2.0,3.0,-4.0,-1.0,0.0,-1.0,2.0,0.0,0.0,0.0,1.0,0.0,0.0
34,2.0,-1.0,7.0,0.0,1.0,1.0,-4.0,4.0,0.0,-2.0,1.0,-5.0,1.0,2.0,0.0,-2.0,1.0,6.0,1.0,6.0,-1.0,1.0,4.0,1.0,0.0,10.0,3.0,3.0,1.0,2.0
35,3.0,1.0,0.0,1.0,2.0,3.0,11.0,1.0,0.0,1.0,-2.0,3.0,3.0,2.0,3.0,1.0,1.0,4.0,6.0,6.0,-1.0,2.0,1.0,2.0,2.0,-9.0,5.0,3.0,0.0,-6.0
36,-1.0,-4.0,-5.0,2.0,3.0,2.0,-2.0,1.0,0.0,1.0,0.0,-1.0,1.0,0.0,2.0,1.0,2.0,4.0,-3.0,6.0,2.0,-4.0,0.0,-6.0,0.0,-1.0,-1.0,0.0,1.0,-3.0
37,-1.0,1.0,-2.0,-1.0,0.0,1.0,-8.0,3.0,1.0,6.0,0.0,-2.0,-2.0,4.0,0.0,3.0,1.0,0.0,-3.0,-1.0,1.0,2.0,2.0,3.0,0.0,1.0,2.0,-1.0,1.0,2.0
38,3.0,-5.0,-2.0,-1.0,1.0,3.0,4.0,1.0,0.0,-2.0,-1.0,8.0,4.0,0.0,0.0,0.0,1.0,-7.0,2.0,3.0,1.0,0.0,3.0,-1.0,2.0,-6.0,3.0,4.0,2.0,0.0
39,-3.0,2.0,0.0,-1.0,0.0,2.0,2.0,2.0,0.0,-3.0,0.0,-1.0,2.0,0.0,1.0,0.0,0.0,0.0,-5.0,-2.0,-1.0,0.0,2.0,0.0,0.0,2.0,0.0,0.0,0.0,2.0
40,-1.0,-4.0,2.0,0.0,0.0,1.0,0.0,0.0,1.0,2.0,1.0,0.0,2.0,0.0,1.0,-1.0,0.0,0.0,0.0,2.0,0.0,-1.0,1.0,-1.0,0.0,1.0,0.0,-1.0,1.0,1.0
41,3.0,1.0,2.0,2.0,5.0,0.0,-2.0,1.0,-2.0,-6.0,-1.0,-6.0,4.0,3.0,-1.0,0.0,1.0,5.0,2.0,-10.0,1.0,0.0,-4.0,-2.0,-2.0,-7.0,2.0,1.0,2.0,0.0
42,-2.0,0.0,-2.0,0.0,-1.0,0.0,-1.0,1.0,-2.0,0.0,-5.0,0.0,0.0,-1.0,-1.0,0.0,0.0,0.0,4.0,-2.0,-2.0,1.0,1.0,-3.0,0.0,1.0,-1.0,0.0,0.0,2.0
43,0.0,-3.0,0.0,1.0,-2.0,-2.0,-6.0,1.0,0.0,-1.0,6.0,7.0,-3.0,-3.0,0.0,-3.0,1.0,-10.0,0.0,-3.0,-6.0,-2.0,-4.0,-7.0,0.0,-6.0,-6.0,-9.0,-1.0,4.0
44,2.0,-1.0,-6.0,0.0,5.0,3.0,-3.0,-1.0,-5.0,0.0,2.0,6.0,-3.0,0.0,1.0,0.0,0.0,4.0,-3.0,4.0,2.0,-2.0,-4.0,3.0,-1.0,10.0,-4.0,1.0,0.0,1.0
45,-1.0,1.0,1.0,0.0,0.0,1.0,1.0,0.0,1.0,1.0,2.0,-2.0,1.0,-1.0,2.0,-2.0,0.0,4.0,-2.0,-2.0,-1.0,0.0,0.0,0.0,2.0,0.0,2.0,-1.0,-1.0,-2.0
46,5.0,-1.0,8.0,2.0,2.0,2.0,7.0,-1.0,0.0,-1.0,1.0,0.0,-2.0,-2.0,0.0,-1.0,3.0,-1.0,4.0,2.0,-1.0,-2.0,0.0,2.0,0.0,6.0,1.0,3.0,0.0,0.0
47,3.0,3.0,-8.0,-5.0,-5.0,4.0,1.0,-1.0,1.0,-3.0,0.0,-2.0,2.0,1.0,-1.0,0.0,-1.0,-2.0,-6.0,-1.0,-2.0,1.0,-4.0,-2.0,0.0,4.0,-3.0,2.0,1.0,-1.0
48,-2.0,1.0,-2.0,1.0,1.0,7.0,1.0,0.0,1.0,4.0,2.0,1.0,0.0,-1.0,4.0,-1.0,0.0,0.0,5.0,-4.0,1.0,2.0,1.0,0.0,2.0,7.0,-5.0,-4.0,-1.0,7.0
49,-4.0,1.0,-3.0,-1.0,3.0,-2.0,1.0,-5.0,4.0,-3.0,-7.0,2.0,1.0,-3.0,-3.0,1.0,0.0,2.0,-2.0,1.0,-6.0,-2.0,2.0,-3.0,1.0,7.0,3.0,-7.0,0.0,-5.0
50,2.0,-1.0,0.0,2.0,1.0,-1.0,0.0,-3.0,-1.0,0.0,1.0,-1.0,-1.0,-3.0,1.0,-1.0,-1.0,0.0,2.0,-2.0,0.0,0.0,0.0,-2.0,0.0,-1.0,0.0,-1.0,-1.0,0.0
51,-4.0,1.0,4.0,3.0,-1.0,-4.0,4.0,-1.0,-1.0,-1.0,-3.0,3.0,-1.0,-1.0,0.0,-3.0,4.0,2.0,3.0,-2.0,-1.0,-1.0,-2.0,0.0,-1.0,4.0,-4.0,-6.0,0.0,-2.0
52,0.0,7.0,5.0,-3.0,-3.0,1.0,-4.0,-2.0,4.0,9.0,6.0,5.0,5.0,1.0,3.0,6.0,1.0,-6.0,-2.0,5.0,0.0,-4.0,0.0,3.0,0.0,-4.0,-3.0,-2.0,1.0,-1.0
53,0.0,0.0,0.0,4.0,3.0,-3.0,-6.0,-5.0,-7.0,7.0,5.0,-8.0,-3.0,1.0,-2.0,1.0,4.0,8.0,0.0,-6.0,-8.0,2.0,4.0,9.0,-1.0,6.0,5.0,1.0,2.0,-7.0
54,-2.0,4.0,2.0,2.0,-3.0,-3.0,6.0,0.0,-3.0,-1.0,-3.0,3.0,-2.0,-1.0,-1.0,-1.0,-3.0,-2.0,-6.0,-4.0,0.0,-2.0,-5.0,0.0,-2.0,-5.0,-2.0,-6.0,-3.0,-3.0
55,0.0,0.0,1.0,-1.0,0.0,0.0,-1.0,1.0,-2.0,2.0,0.0,3.0,0.0,0.0,1.0,0.0,0.0,-1.0,-1.0,0.0,0.0,0.0,3.0,-2.0,0.0,-1.0,-1.0,2.0,0.0,2.0
56,0.0,-1.0,0.0,0.0,-4.0,-1.0,2.0,-1.0,2.0,9.0,5.0,-3.0,-1.0,2.0,3.0,1.0,6.0,-1.0,17.0,-1.0,-1.0,-1.0,3.0,1.0,2.0,3.0,3.0,-4.0,3.0,-1.0
57,-2.0,-1.0,-6.0,-3.0,0.0,-2.0,-4.0,-4.0,-1.0,-3.0,-3.0,-5.0,-2.0,0.0,-2.0,0.0,-4.0,-4.0,-3.0,-3.0,-3.0,-2.0,-4.0,-1.0,2.0,-4.0,-2.0,-3.0,0.0,-3.0
58,1.0,1.0,1.0,-2.0,4.0,1.0,1.0,1.0,3.0,-2.0,3.0,0.0,-3.0,1.0,0.0,5.0,1.0,-5.0,1.0,2.0,0.0,3.0,3.0,-1.0,-1.0,4.0,0.0,4.0,0.0,-1.0
59,-8.0,-12.0,2.0,0.0,-4.0,-1.0,-7.0,0.0,-2.0,-6.0,-1.0,-4.0,-5.0,1.0,0.0,-6.0,-6.0,-14.0,-10.0,-9.0,-1.0,0.0,-7.0,-7.0,-4.0,-12.0,-2.0,-2.0,-2.0,-8.0
60,3.0,1.0,1.0,2.0,0.0,0.0,5.0,1.0,0.0,1.0,4.0,0.0,-2.0,-3.0,0.0,5.0,-1.0,4.0,-4.0,3.0,1.0,0.0,-2.0,2.0,2.0,2.0,-1.0,0.0,0.0,-9.0
61,-4.0,2.0,-7.0,8.0,0.0,-1.0,0.0,0.0,0.0,-2.0,-6.0,5.0,5.0,2.0,-1.0,-2.0,0.0,1.0,2.0,0.0,3.0,2.0,-1.0,-1.0,-1.0,3.0,-1.0,-1.0,0.0,-4.0
62,0.0,0.0,4.0,4.0,0.0,1.0,1.0,0.0,0.0,0.0,0.0,1.0,3.0,0.0,1.0,0.0,-1.0,-1.0,0.0,-1.0,0.0,1.0,0.0,1.0,1.0,-3.0,0.0,0.0,0.0,1.0
66,-4.0,1.0,0.0,2.0,-5.0,-3.0,-5.0,-1.0,-4.0,-2.0,-7.0,-6.0,-2.0,-3.0,-4.0,-3.0,1.0,-7.0,-4.0,4.0,-1.0,3.0,-4.0,3.0,0.0,4.0,0.0,-2.0,3.0,-3.0
67,-1.0,-4.0,2.0,1.0,-1.0,-1.0,-4.0,1.0,5.0,-2.0,16.0,1.0,-1.0,-1.0,-2.0,-1.0,2.0,-3.0,6.0,-2.0,0.0,-1.0,-1.0,3.0,0.0,11.0,-1.0,2.0,1.0,0.0
68,1.0,0.0,1.0,-1.0,1.0,-2.0,-3.0,1.0,-1.0,1.0,3.0,0.0,0.0,-1.0,0.0,3.0,0.0,2.0,3.0,1.0,1.0,0.0,1.0,2.0,-2.0,0.0,0.0,-1.0,0.0,2.0
69,-5.0,-3.0,0.0,1.0,3.0,-1.0,0.0,-3.0,-1.0,2.0,-2.0,2.0,2.0,-3.0,0.0,2.0,2.0,-5.0,-1.0,-3.0,-1.0,3.0,-4.0,1.0,3.0,-2.0,0.0,-2.0,0.0,1.0
71,1.0,2.0,-3.0,-1.0,6.0,2.0,-10.0,3.0,-1.0,-8.0,2.0,2.0,-5.0,-7.0,2.0,2.0,-3.0,3.0,1.0,0.0,3.0,-3.0,-2.0,0.0,2.0,-5.0,2.0,-2.0,1.0,-3.0
72,-2.0,-2.0,1.0,-1.0,-1.0,-2.0,6.0,-1.0,-2.0,-3.0,1.0,3.0,-4.0,0.0,-2.0,-1.0,0.0,0.0,2.0,1.0,0.0,0.0,2.0,3.0,0.0,0.0,1.0,-2.0,-2.0,2.0
73,-1.0,-2.0,-3.0,-3.0,2.0,1.0,9.0,0.0,1.0,1.0,2.0,2.0,2.0,4.0,-4.0,-1.0,-4.0,1.0,3.0,2.0,3.0,2.0,1.0,4.0,3.0,2.0,2.0,6.0,0.0,4.0
74,2.0,-1.0,-1.0,3.0,0.0,5.0,-3.0,5.0,-1.0,4.0,3.0,3.0,0.0,-4.0,-2.0,3.0,0.0,6.0,4.0,-1.0,-1.0,2.0,1.0,-3.0,-4.0,4.0,5.0,-5.0,1.0,4.0
75,0.0,-1.0,1.0,0.0,0.0,0.0,1.0,-2.0,0.0,0.0,0.0,0.0,0.0,-1.0,-1.0,-2.0,0.0,0.0,2.0,1.0,1.0,0.0,-1.0,-2.0,0.0,1.0,-2.0,0.0,0.0,-1.0
76,5.0,0.0,5.0,0.0,0.0,0.0,0.0,2.0,1.0,0.0,2.0,0.0,0.0,1.0,1.0,0.0,0.0,1.0,-3.0,3.0,2.0,0.0,0.0,-2.0,0.0,-1.0,0.0,2.0,1.0,0.0
77,2.0,-2.0,4.0,2.0,-5.0,-9.0,1.0,2.0,-3.0,-1.0,1.0,-8.0,2.0,4.0,4.0,-5.0,2.0,1.0,-2.0,-3.0,-5.0,-4.0,2.0,1.0,6.0,4.0,-7.0,-6.0,-3.0,-3.0
80,2.0,1.0,2.0,0.0,0.0,1.0,4.0,1.0,3.0,4.0,2.0,0.0,1.0,0.0,0.0,2.0,0.0,2.0,0.0,2.0,1.0,0.0,0.0,4.0,-1.0,-2.0,2.0,-2.0,1.0,2.0
81,2.0,-1.0,7.0,-1.0,7.0,-2.0,8.0,-3.0,5.0,-4.0,-7.0,-2.0,-1.0,-1.0,-3.0,2.0,0.0,-1.0,0.0,-2.0,-1.0,-3.0,-1.0,-1.0,1.0,7.0,-1.0,1.0,1.0,-5.0
84,4.0,-1.0,-2.0,-4.0,-1.0,2.0,7.0,0.0,-1.0,1.0,0.0,-2.0,-3.0,-1.0,1.0,-2.0,2.0,11.0,0.0,-1.0,0.0,3.0,0.0,-1.0,3.0,3.0,-4.0,1.0,1.0,0.0
85,3.0,1.0,-5.0,2.0,1.0,2.0,2.0,-2.0,0.0,1.0,3.0,-5.0,1.0,0.0,0.0,1.0,2.0,7.0,-2.0,3.0,4.0,3.0,1.0,0.0,0.0,-1.0,1.0,7.0,0.0,0.0
86,3.0,-1.0,-2.0,-5.0,0.0,0.0,-11.0,3.0,2.0,0.0,0.0,-2.0,3.0,0.0,-1.0,0.0,-3.0,2.0,4.0,1.0,0.0,1.0,-2.0,1.0,-1.0,1.0,-4.0,-3.0,0.0,4.0
87,-1.0,1.0,2.0,3.0,-2.0,2.0,-1.0,-1.0,-3.0,-2.0,-1.0,2.0,1.0,2.0,2.0,0.0,1.0,6.0,-2.0,-1.0,1.0,0.0,1.0,-2.0,1.0,-6.0,0.0,3.0,0.0,0.0
88,3.0,1.0,0.0,1.0,3.0,1.0,2.0,-1.0,-1.0,1.0,1.0,2.0,-1.0,1.0,2.0,-1.0,0.0,-5.0,-1.0,6.0,0.0,-1.0,1.0,0.0,0.0,5.0,-2.0,4.0,0.0,-1.0
89,0.0,1.0,1.0,0.0,2.0,0.0,1.0,3.0,-1.0,-2.0,2.0,3.0,0.0,1.0,-1.0,1.0,0.0,0.0,-4.0,-1.0,0.0,-4.0,1.0,2.0,0.0,-1.0,2.0,3.0,1.0,2.0
90,2.0,5.0,-2.0,0.0,-1.0,2.0,-7.0,4.0,3.0,1.0,4.0,2.0,2.0,0.0,-1.0,1.0,4.0,4.0,-3.0,0.0,4.0,-4.0,1.0,1.0,0.0,2.0,7.0,1.0,0.0,4.0
91,-1.0,-3.0,-1.0,0.0,0.0,-1.0,-6.0,-8.0,2.0,-2.0,-1.0,-1.0,-1.0,-1.0,-7.0,-1.0,-4.0,0.0,4.0,-4.0,0.0,-6.0,-5.0,-1.0,0.0,-1.0,0.0,2.0,-2.0,2.0
92,-1.0,2.0,1.0,0.0,0.0,3.0,-3.0,3.0,2.0,-3.0,4.0,0.0,0.0,2.0,-1.0,0.0,-2.0,-4.0,4.0,-1.0,-3.0,3.0,1.0,3.0,0.0,-1.0,0.0,-3.0,0.0,-4.0
93,-3.0,0.0,-2.0,5.0,-4.0,0.0,-3.0,1.0,-1.0,1.0,3.0,-2.0,1.0,-2.0,1.0,-3.0,-2.0,-3.0,-3.0,-7.0,2.0,0.0,3.0,-2.0,-3.0,0.0,2.0,1.0,4.0,5.0
94,3.0,3.0,10.0,5.0,-2.0,4.0,-1.0,-2.0,1.0,2.0,4.0,-5.0,0.0,-3.0,3.0,0.0,-1.0,-3.0,-2.0,-4.0,-1.0,0.0,-3.0,4.0,3.0,8.0,3.0,2.0,1.0,2.0
95,0.0,0.0,1.0,1.0,0.0,0.0,0.0,0.0,0.0,0.0,2.0,1.0,0.0,0.0,0.0,0.0,0.0,0.0,0.0,0.0,0.0,-2.0,0.0,0.0,0.0,0.0,1.0,0.0,0.0,1.0
96,-1.0,-2.0,-1.0,-3.0,5.0,2.0,3.0,0.0,1.0,3.0,6.0,-1.0,0.0,0.0,0.0,-1.0,-1.0,6.0,-1.0,-4.0,2.0,-1.0,4.0,4.0,0.0,1.0,-1.0,4.0,1.0,2.0
97,0.0,0.0,0.0,1.0,0.0,0.0,0.0,0.0,0.0,1.0,0.0,0.0,0.0,-1.0,0.0,0.0,0.0,0.0,0.0,0.0,0.0,0.0,0.0,0.0,0.0,0.0,0.0,0.0,0.0,0.0
98,-2.0,2.0,3.0,-1.0,2.0,0.0,-6.0,4.0,3.0,-1.0,4.0,-5.0,1.0,1.0,3.0,3.0,-1.0,-1.0,-2.0,2.0,1.0,1.0,1.0,-4.0,0.0,-1.0,1.0,3.0,2.0,-4.0
99,-1.0,1.0,1.0,0.0,-1.0,2.0,-9.0,2.0,-1.0,0.0,1.0,-1.0,-6.0,1.0,-2.0,4.0,0.0,-1.0,6.0,-8.0,-5.0,-1.0,2.0,-1.0,2.0,5.0,2.0,2.0,1.0,-2.0
100,0.0,0.0,-2.0,2.0,1.0,1.0,13.0,0.0,2.0,2.0,1.0,-2.0,0.0,0.0,-3.0,-4.0,-1.0,-3.0,3.0,6.0,-1.0,-2.0,1.0,1.0,0.0,-3.0,0.0,1.0,1.0,2.0
101,0.0,0.0,2.0,0.0,0.0,0.0,1.0,0.0,0.0,0.0,1.0,0.0,0.0,0.0,0.0,1.0,0.0,0.0,0.0,1.0,0.0,-1.0,1.0,0.0,0.0,-1.0,0.0,2.0,1.0,0.0
102,0.0,0.0,0.0,0.0,0.0,0.0,0.0,0.0,0.0,1.0,-1.0,0.0,0.0,0.0,0.0,0.0,1.0,0.0,0.0,0.0,0.0,0.0,0.0,0.0,0.0,0.0,0.0,0.0,0.0,-1.0
103,0.0,1.0,1.0,1.0,0.0,0.0,1.0,0.0,0.0,0.0,0.0,0.0,0.0,0.0,0.0,0.0,0.0,0.0,0.0,3.0,0.0,0.0,1.0,0.0,0.0,0.0,0.0,0.0,0.0,0.0
106,0.0,-2.0,7.0,0.0,1.0,5.0,0.0,0.0,0.0,-5.0,-4.0,-2.0,0.0,-1.0,0.0,2.0,-1.0,5.0,5.0,4.0,3.0,4.0,0.0,6.0,-3.0,4.0,-2.0,3.0,0.0,4.0
107,4.0,-1.0,4.0,6.0,-9.0,3.0,-3.0,1.0,2.0,-6.0,7.0,3.0,-2.0,1.0,0.0,1.0,7.0,-1.0,-7.0,4.0,5.0,6.0,2.0,-1.0,2.0,6.0,0.0,2.0,2.0,0.0
108,0.0,0.0,0.0,-1.0,-2.0,2.0,1.0,0.0,0.0,-1.0,0.0,0.0,1.0,1.0,-1.0,0.0,0.0,1.0,2.0,0.0,0.0,1.0,0.0,-1.0,0.0,-1.0,2.0,1.0,0.0,0.0
109,-2.0,1.0,3.0,-2.0,-1.0,3.0,-2.0,1.0,-1.0,1.0,0.0,-1.0,1.0,0.0,2.0,2.0,-3.0,1.0,-1.0,-5.0,0.0,3.0,1.0,-1.0,2.0,3.0,-1.0,-1.0,0.0,-1.0
110,0.0,4.0,-6.0,1.0,5.0,4.0,-2.0,-3.0,-2.0,-5.0,0.0,-13.0,1.0,-4.0,-8.0,-3.0,-7.0,-8.0,6.0,2.0,-10.0,-4.0,2.0,5.0,-5.0,-6.0,6.0,1.0,-5.0,-1.0
111,-1.0,-3.0,0.0,0.0,2.0,-1.0,7.0,0.0,0.0,0.0,2.0,0.0,1.0,0.0,1.0,-2.0,0.0,-4.0,2.0,-1.0,3.0,-6.0,2.0,1.0,-1.0,0.0,2.0,0.0,0.0,-3.0
112,3.0,-2.0,-2.0,0.0,3.0,-1.0,3.0,1.0,3.0,-5.0,-3.0,2.0,-3.0,2.0,1.0,2.0,-1.0,0.0,-2.0,-1.0,2.0,-1.0,0.0,-1.0,1.0,-7.0,1.0,-3.0,-1.0,3.0
113,0.0,0.0,-12.0,1.0,-2.0,0.0,-6.0,0.0,-2.0,-2.0,-3.0,7.0,-6.0,2.0,-3.0,3.0,1.0,-5.0,0.0,2.0,-3.0,-2.0,0.0,3.0,2.0,-8.0,-5.0,-4.0,0.0,-1.0
114,4.0,-1.0,-5.0,1.0,8.0,3.0,0.0,-1.0,2.0,0.0,-6.0,10.0,1.0,-1.0,-3.0,2.0,-4.0,5.0,-4.0,2.0,5.0,-6.0,1.0,11.0,-1.0,1.0,5.0,3.0,0.0,0.0
115,-2.0,-6.0,-7.0,2.0,-3.0,1.0,-6.0,-1.0,-2.0,4.0,6.0,-11.0,1.0,-3.0,4.0,-1.0,3.0,-4.0,-2.0,-2.0,-6.0,-3.0,0.0,-3.0,1.0,-4.0,-4.0,-1.0,-4.0,-4.0
116,3.0,1.0,-2.0,-1.0,2.0,0.0,-1.0,1.0,2.0,4.0,1.0,-2.0,1.0,-2.0,3.0,1.0,1.0,1.0,2.0,-8.0,-2.0,3.0,-1.0,0.0,2.0,3.0,-2.0,-1.0,3.0,-2.0
117,-2.0,-8.0,1.0,-6.0,3.0,-2.0,1.0,-1.0,5.0,3.0,-4.0,0.0,2.0,4.0,2.0,0.0,5.0,0.0,-4.0,0.0,-2.0,4.0,5.0,-8.0,2.0,13.0,-2.0,-1.0,0.0,-1.0
118,-1.0,3.0,-3.0,6.0,-1.0,-1.0,5.0,-3.0,3.0,2.0,1.0,1.0,-6.0,2.0,-1.0,2.0,3.0,0.0,5.0,-3.0,4.0,-3.0,-1.0,2.0,-2.0,10.0,2.0,2.0,0.0,2.0
119,0.0,-2.0,-1.0,-2.0,0.0,2.0,-5.0,-1.0,2.0,-4.0,-1.0,-2.0,-3.0,0.0,0.0,1.0,1.0,-3.0,-2.0,-2.0,0.0,-1.0,0.0,-1.0,0.0,-7.0,2.0,0.0,0.0,1.0
120,2.0,-1.0,-1.0,0.0,-3.0,0.0,-1.0,0.0,1.0,0.0,0.0,-2.0,2.0,0.0,1.0,2.0,2.0,-5.0,-1.0,-2.0,1.0,1.0,1.0,-1.0,0.0,0.0,0.0,-2.0,0.0,0.0
121,0.0,-4.0,2.0,-3.0,-2.0,1.0,2.0,2.0,-1.0,-1.0,5.0,-2.0,1.0,0.0,0.0,0.0,0.0,9.0,-4.0,-1.0,0.0,1.0,1.0,1.0,2.0,-2.0,-2.0,0.0,0.0,0.0
122,4.0,1.0,0.0,0.0,0.0,2.0,-1.0,-1.0,0.0,1.0,4.0,-1.0,0.0,-1.0,1.0,1.0,1.0,2.0,0.0,1.0,0.0,0.0,-1.0,-2.0,0.0,0.0,0.0,-1.0,0.0,0.0
123,2.0,-1.0,0.0,2.0,1.0,3.0,-3.0,-1.0,-3.0,-2.0,3.0,1.0,1.0,2.0,1.0,3.0,1.0,-1.0,0.0,-5.0,-1.0,1.0,-4.0,-1.0,1.0,-2.0,0.0,-3.0,1.0,0.0
124,3.0,-1.0,3.0,2.0,0.0,0.0,-2.0,-2.0,0.0,0.0,0.0,-1.0,0.0,-1.0,0.0,-3.0,2.0,-1.0,0.0,2.0,1.0,-1.0,-1.0,2.0,0.0,-1.0,1.0,1.0,0.0,2.0
125,0.0,0.0,-2.0,3.0,-1.0,-2.0,-4.0,1.0,2.0,1.0,-5.0,-4.0,1.0,3.0,0.0,0.0,-1.0,-6.0,2.0,3.0,4.0,1.0,2.0,5.0,0.0,-1.0,6.0,0.0,0.0,2.0
126,-4.0,0.0,-6.0,0.0,1.0,-1.0,-5.0,-1.0,0.0,-2.0,9.0,-3.0,-1.0,-1.0,0.0,-1.0,-1.0,3.0,0.0,0.0,-4.0,0.0,1.0,1.0,0.0,-2.0,-1.0,3.0,0.0,-1.0
127,0.0,1.0,-4.0,-2.0,1.0,6.0,-2.0,-1.0,3.0,2.0,-4.0,3.0,1.0,1.0,4.0,1.0,-3.0,-5.0,2.0,-5.0,-1.0,5.0,1.0,-2.0,-2.0,5.0,1.0,-6.0,0.0,-2.0
128,-5.0,-8.0,-4.0,-1.0,6.0,-5.0,-5.0,-4.0,-2.0,-2.0,-3.0,-10.0,-5.0,0.0,2.0,-4.0,-1.0,0.0,-4.0,-5.0,7.0,-3.0,-5.0,-5.0,0.0,7.0,-6.0,4.0,-2.0,-3.0
129,-3.0,-1.0,2.0,0.0,1.0,-2.0,-2.0,1.0,-2.0,-4.0,2.0,0.0,1.0,-3.0,-1.0,0.0,1.0,1.0,-4.0,-3.0,-4.0,-1.0,-2.0,2.0,0.0,-3.0,-1.0,-4.0,0.0,-1.0
130,0.0,5.0,8.0,2.0,5.0,2.0,3.0,1.0,0.0,5.0,1.0,3.0,0.0,0.0,1.0,6.0,-4.0,7.0,-1.0,7.0,1.0,5.0,0.0,4.0,1.0,5.0,-1.0,1.0,0.0,3.0
131,0.0,2.0,2.0,-4.0,-4.0,1.0,2.0,1.0,0.0,0.0,-4.0,1.0,-1.0,3.0,-2.0,-1.0,-2.0,-2.0,-1.0,2.0,-2.0,-2.0,0.0,1.0,0.0,-4.0,1.0,-3.0,1.0,-4.0
132,1.0,-2.0,-2.0,1.0,2.0,0.0,1.0,0.0,1.0,-1.0,1.0,1.0,0.0,0.0,0.0,-1.0,-1.0,0.0,0.0,3.0,1.0,-1.0,0.0,-3.0,0.0,-1.0,1.0,1.0,1.0,0.0
133,1.0,0.0,-2.0,3.0,0.0,0.0,-4.0,4.0,-1.0,0.0,7.0,-4.0,-1.0,1.0,4.0,-4.0,1.0,6.0,-10.0,-5.0,7.0,-5.0,2.0,-2.0,-1.0,6.0,7.0,1.0,0.0,-3.0
134,-5.0,-1.0,5.0,-4.0,5.0,-3.0,-3.0,-4.0,4.0,-4.0,-2.0,3.0,3.0,-1.0,-1.0,-3.0,-1.0,-3.0,-4.0,-3.0,3.0,0.0,2.0,-2.0,2.0,2.0,-2.0,0.0,-1.0,1.0
135,1.0,-1.0,1.0,0.0,0.0,0.0,2.0,0.0,0.0,0.0,2.0,0.0,1.0,0.0,0.0,0.0,0.0,0.0,1.0,0.0,0.0,0.0,0.0,0.0,0.0,0.0,0.0,0.0,0.0,0.0
136,1.0,1.0,0.0,0.0,0.0,-2.0,0.0,-1.0,0.0,0.0,3.0,0.0,-1.0,0.0,1.0,0.0,0.0,-1.0,3.0,0.0,0.0,1.0,0.0,1.0,0.0,-1.0,1.0,-1.0,1.0,0.0
137,1.0,-1.0,2.0,-2.0,0.0,-1.0,-1.0,-2.0,-1.0,-2.0,-1.0,-2.0,0.0,0.0,0.0,0.0,0.0,0.0,0.0,0.0,-1.0,-1.0,-1.0,1.0,1.0,0.0,0.0,-3.0,0.0,-1.0
138,0.0,-3.0,0.0,3.0,1.0,3.0,-3.0,2.0,-2.0,0.0,-3.0,-4.0,-1.0,0.0,-1.0,-2.0,0.0,7.0,1.0,-2.0,-4.0,1.0,2.0,-3.0,3.0,-4.0,-1.0,3.0,0.0,1.0
140,-2.0,-5.0,5.0,3.0,5.0,0.0,-6.0,-3.0,-5.0,3.0,-8.0,3.0,2.0,-1.0,-4.0,-3.0,-1.0,3.0,-4.0,5.0,0.0,-5.0,6.0,-5.0,1.0,-5.0,4.0,4.0,0.0,-2.0
141,7.0,2.0,10.0,-1.0,5.0,3.0,-2.0,2.0,0.0,-4.0,5.0,5.0,1.0,4.0,0.0,1.0,0.0,-4.0,-2.0,7.0,5.0,1.0,0.0,-1.0,0.0,-2.0,1.0,1.0,0.0,8.0
142,-2.0,1.0,0.0,-6.0,0.0,2.0,0.0,-8.0,2.0,-3.0,0.0,3.0,2.0,-2.0,6.0,2.0,-2.0,1.0,3.0,9.0,7.0,0.0,-4.0,-1.0,3.0,-1.0,-4.0,0.0,-1.0,7.0
143,-5.0,5.0,-1.0,-3.0,-4.0,2.0,10.0,-3.0,-5.0,5.0,-4.0,0.0,5.0,-2.0,0.0,3.0,-2.0,-3.0,5.0,1.0,-2.0,2.0,0.0,-1.0,-1.0,3.0,1.0,0.0,-2.0,3.0
144,2.0,0.0,3.0,-1.0,-3.0,-2.0,0.0,5.0,0.0,3.0,-11.0,6.0,-5.0,-2.0,-2.0,1.0,-5.0,5.0,-1.0,-4.0,2.0,-5.0,-3.0,-3.0,-2.0,-9.0,1.0,-2.0,0.0,-4.0
145,-1.0,0.0,4.0,1.0,2.0,-2.0,8.0,7.0,3.0,3.0,4.0,-2.0,6.0,0.0,2.0,2.0,2.0,-1.0,8.0,-3.0,1.0,2.0,0.0,2.0,1.0,6.0,-1.0,-1.0,0.0,-1.0
146,-2.0,-1.0,-1.0,0.0,-1.0,-2.0,-3.0,-2.0,0.0,-1.0,-7.0,1.0,-2.0,0.0,0.0,0.0,-5.0,4.0,0.0,0.0,1.0,-1.0,1.0,1.0,0.0,0.0,-1.0,-1.0,0.0,-2.0
147,-1.0,2.0,1.0,-1.0,-1.0,-1.0,-2.0,-1.0,-1.0,-1.0,-1.0,1.0,0.0,2.0,1.0,0.0,3.0,1.0,-1.0,2.0,0.0,1.0,1.0,-2.0,1.0,3.0,-2.0,0.0,0.0,2.0
148,1.0,-2.0,1.0,1.0,1.0,1.0,1.0,1.0,0.0,3.0,-4.0,-1.0,0.0,-2.0,-1.0,1.0,0.0,-2.0,4.0,-1.0,1.0,1.0,-3.0,0.0,2.0,0.0,1.0,-3.0,0.0,1.0
149,0.0,1.0,-3.0,0.0,1.0,-1.0,-5.0,0.0,1.0,0.0,1.0,0.0,-1.0,-1.0,1.0,0.0,-2.0,0.0,1.0,-2.0,-2.0,-1.0,-1.0,-3.0,0.0,2.0,0.0,1.0,0.0,0.0
150,0.0,1.0,0.0,0.0,0.0,0.0,-2.0,1.0,0.0,0.0,0.0,1.0,0.0,0.0,0.0,0.0,1.0,0.0,0.0,0.0,0.0,0.0,1.0,0.0,0.0,-2.0,2.0,3.0,0.0,0.0
152,-2.0,5.0,0.0,-2.0,-1.0,2.0,-1.0,1.0,2.0,0.0,-3.0,-4.0,0.0,-2.0,0.0,0.0,1.0,0.0,-2.0,-1.0,1.0,0.0,-4.0,-2.0,1.0,6.0,2.0,2.0,0.0,-5.0
153,2.0,-3.0,-4.0,6.0,-5.0,1.0,1.0,2.0,5.0,-1.0,-7.0,-3.0,0.0,1.0,3.0,-4.0,1.0,-6.0,-3.0,1.0,0.0,3.0,0.0,0.0,0.0,1.0,-2.0,3.0,-2.0,3.0
154,0.0,3.0,-2.0,-1.0,4.0,0.0,-1.0,1.0,-1.0,-1.0,0.0,-1.0,3.0,0.0,-1.0,1.0,0.0,2.0,-8.0,-5.0,0.0,0.0,0.0,-3.0,2.0,2.0,-3.0,-1.0,0.0,-2.0
156,7.0,-4.0,0.0,3.0,1.0,0.0,-8.0,-2.0,0.0,-2.0,6.0,1.0,-1.0,-4.0,1.0,-2.0,3.0,4.0,0.0,-4.0,-3.0,1.0,-1.0,1.0,2.0,-4.0,3.0,3.0,0.0,6.0
157,-2.0,1.0,-2.0,2.0,3.0,-1.0,1.0,-2.0,-6.0,-3.0,-4.0,3.0,1.0,-3.0,1.0,4.0,2.0,-5.0,5.0,-4.0,-1.0,0.0,-1.0,1.0,4.0,3.0,-1.0,3.0,-1.0,1.0
158,8.0,-3.0,-2.0,0.0,-2.0,0.0,-1.0,1.0,5.0,-2.0,0.0,-1.0,-1.0,2.0,-2.0,3.0,-4.0,-3.0,-4.0,-2.0,-1.0,-2.0,0.0,-3.0,-3.0,-6.0,0.0,-4.0,0.0,-2.0
159,1.0,1.0,-2.0,-5.0,3.0,0.0,-1.0,0.0,0.0,0.0,1.0,-2.0,1.0,1.0,0.0,0.0,0.0,-4.0,3.0,0.0,0.0,0.0,0.0,1.0,0.0,-1.0,0.0,1.0,0.0,0.0
160,-2.0,2.0,2.0,-2.0,1.0,-1.0,3.0,0.0,0.0,0.0,-1.0,1.0,-1.0,-1.0,0.0,2.0,0.0,-3.0,-2.0,-1.0,1.0,2.0,0.0,1.0,0.0,-2.0,3.0,0.0,0.0,0.0
161,4.0,-3.0,0.0,1.0,-8.0,0.0,1.0,5.0,1.0,1.0,8.0,4.0,2.0,3.0,5.0,-1.0,3.0,6.0,-3.0,5.0,2.0,6.0,4.0,-2.0,-2.0,1.0,0.0,2.0,-1.0,0.0
162,0.0,-1.0,2.0,-2.0,-2.0,1.0,1.0,1.0,1.0,0.0,-1.0,-1.0,-1.0,1.0,-1.0,0.0,0.0,-3.0,2.0,0.0,0.0,-2.0,0.0,1.0,0.0,5.0,-1.0,2.0,0.0,0.0
163,-2.0,1.0,-1.0,3.0,-1.0,-2.0,5.0,-3.0,-2.0,-1.0,-2.0,-3.0,3.0,2.0,0.0,-3.0,0.0,1.0,-7.0,-2.0,-2.0,-1.0,3.0,1.0,0.0,-4.0,-2.0,0.0,0.0,0.0
164,1.0,5.0,0.0,-1.0,-2.0,-1.0,0.0,2.0,-4.0,1.0,-1.0,-1.0,3.0,0.0,1.0,1.0,0.0,7.0,2.0,0.0,2.0,2.0,0.0,-1.0,4.0,-1.0,2.0,-2.0,1.0,5.0
165,-1.0,-4.0,6.0,2.0,1.0,1.0,-2.0,4.0,0.0,-3.0,-3.0,-1.0,-1.0,1.0,-2.0,3.0,2.0,4.0,14.0,2.0,4.0,1.0,-2.0,-3.0,0.0,-5.0,3.0,-6.0,0.0,-1.0
166,4.0,1.0,1.0,1.0,2.0,4.0,-5.0,2.0,1.0,-6.0,2.0,1.0,2.0,-1.0,0.0,-3.0,2.0,0.0,-4.0,5.0,-1.0,-2.0,3.0,0.0,2.0,0.0,-2.0,1.0,0.0,-2.0
167,0.0,0.0,0.0,0.0,-3.0,0.0,0.0,0.0,0.0,0.0,0.0,0.0,0.0,0.0,0.0,1.0,0.0,1.0,-1.0,0.0,0.0,0.0,0.0,0.0,1.0,0.0,0.0,1.0,0.0,0.0
168,-2.0,-1.0,-1.0,-4.0,-1.0,-1.0,3.0,5.0,1.0,-1.0,2.0,-8.0,1.0,1.0,1.0,1.0,0.0,-1.0,4.0,3.0,-4.0,-1.0,1.0,1.0,0.0,8.0,-1.0,-5.0,1.0,2.0
169,0.0,0.0,-2.0,0.0,0.0,0.0,1.0,0.0,1.0,0.0,0.0,0.0,1.0,0.0,1.0,-1.0,0.0,0.0,1.0,0.0,1.0,-1.0,0.0,0.0,0.0,1.0,1.0,0.0,0.0,0.0
170,3.0,-1.0,2.0,-2.0,1.0,-2.0,1.0,0.0,1.0,1.0,2.0,3.0,1.0,0.0,0.0,1.0,0.0,0.0,0.0,1.0,0.0,0.0,-1.0,0.0,0.0,1.0,0.0,-1.0,0.0,-1.0
171,0.0,0.0,1.0,0.0,0.0,0.0,0.0,0.0,0.0,0.0,0.0,0.0,0.0,0.0,0.0,-1.0,0.0,3.0,1.0,-1.0,-1.0,0.0,0.0,1.0,1.0,1.0,0.0,0.0,0.0,1.0
172,2.0,-3.0,4.0,-1.0,-1.0,-2.0,0.0,2.0,-5.0,4.0,-4.0,0.0,2.0,-2.0,-1.0,2.0,-1.0,5.0,-10.0,2.0,-1.0,4.0,-3.0,0.0,3.0,-8.0,3.0,3.0,0.0,1.0
173,0.0,2.0,5.0,3.0,-2.0,1.0,-1.0,-3.0,3.0,-5.0,-1.0,2.0,-2.0,3.0,-7.0,-1.0,5.0,1.0,4.0,0.0,3.0,4.0,2.0,1.0,0.0,4.0,-1.0,6.0,2.0,4.0
174,4.0,0.0,4.0,0.0,1.0,7.0,3.0,7.0,2.0,0.0,-4.0,3.0,3.0,2.0,1.0,1.0,1.0,3.0,2.0,0.0,3.0,7.0,3.0,2.0,-4.0,1.0,4.0,4.0,4.0,4.0
175,2.0,0.0,-7.0,3.0,-6.0,2.0,0.0,-2.0,1.0,5.0,-1.0,2.0,-2.0,-1.0,3.0,3.0,0.0,2.0,-1.0,2.0,2.0,2.0,-1.0,2.0,1.0,1.0,1.0,3.0,0.0,1.0
176,-6.0,3.0,-4.0,5.0,4.0,-5.0,-3.0,-4.0,2.0,-3.0,4.0,-1.0,-11.0,0.0,-3.0,2.0,-10.0,11.0,5.0,-1.0,-7.0,-1.0,-1.0,-10.0,-1.0,3.0,-2.0,-3.0,0.0,-6.0
177,0.0,0.0,0.0,0.0,-1.0,0.0,4.0,0.0,0.0,2.0,2.0,-1.0,1.0,0.0,0.0,1.0,1.0,0.0,-2.0,0.0,0.0,0.0,0.0,0.0,0.0,0.0,0.0,0.0,0.0,1.0
178,-1.0,0.0,-2.0,0.0,1.0,-1.0,0.0,0.0,1.0,0.0,-1.0,0.0,4.0,1.0,1.0,0.0,0.0,1.0,-3.0,-1.0,1.0,1.0,-1.0,0.0,0.0,1.0,-2.0,-1.0,0.0,0.0
179,0.0,0.0,-1.0,-1.0,-2.0,0.0,-5.0,1.0,0.0,1.0,0.0,-1.0,-1.0,0.0,0.0,1.0,0.0,0.0,2.0,0.0,-2.0,-1.0,0.0,0.0,0.0,2.0,1.0,0.0,0.0,-2.0
180,-4.0,0.0,-1.0,2.0,7.0,-1.0,5.0,-2.0,0.0,3.0,8.0,0.0,-5.0,-1.0,-1.0,-5.0,-1.0,4.0,7.0,1.0,4.0,-3.0,-1.0,-2.0,1.0,2.0,-4.0,1.0,0.0,2.0
181,0.0,3.0,4.0,-1.0,1.0,-2.0,-3.0,-1.0,0.0,2.0,-5.0,-1.0,0.0,1.0,0.0,0.0,1.0,-11.0,-5.0,-3.0,0.0,2.0,-1.0,-2.0,1.0,-5.0,3.0,1.0,-1.0,1.0
182,2.0,5.0,2.0,4.0,6.0,3.0,0.0,-2.0,1.0,4.0,5.0,4.0,2.0,0.0,5.0,1.0,1.0,3.0,7.0,0.0,-1.0,2.0,4.0,-4.0,3.0,-5.0,4.0,-1.0,-1.0,0.0
183,1.0,2.0,-1.0,5.0,0.0,-2.0,-3.0,4.0,-1.0,-2.0,2.0,-3.0,1.0,0.0,0.0,1.0,0.0,-1.0,10.0,0.0,-2.0,-3.0,2.0,2.0,0.0,-5.0,8.0,-2.0,2.0,-1.0
184,0.0,0.0,0.0,0.0,1.0,0.0,1.0,-1.0,0.0,1.0,0.0,1.0,1.0,0.0,0.0,-1.0,-1.0,-1.0,0.0,0.0,1.0,-1.0,-2.0,0.0,0.0,1.0,1.0,-1.0,0.0,1.0
185,3.0,-1.0,1.0,2.0,0.0,-3.0,1.0,2.0,0.0,0.0,0.0,-4.0,-1.0,1.0,1.0,0.0,0.0,-1.0,4.0,0.0,-3.0,0.0,1.0,-2.0,-1.0,-1.0,-1.0,-1.0,0.0,-1.0
186,4.0,1.0,-1.0,1.0,-1.0,0.0,4.0,-2.0,0.0,4.0,-6.0,1.0,-1.0,-1.0,1.0,-1.0,2.0,1.0,-1.0,3.0,-1.0,-1.0,1.0,1.0,1.0,0.0,2.0,3.0,0.0,-1.0
188,-1.0,2.0,-2.0,0.0,4.0,-2.0,-1.0,0.0,-1.0,3.0,4.0,-2.0,-1.0,0.0,0.0,2.0,0.0,-2.0,-2.0,5.0,-1.0,-2.0,1.0,3.0,-3.0,2.0,0.0,1.0,0.0,4.0
190,-1.0,6.0,1.0,1.0,-2.0,0.0,-3.0,0.0,-1.0,4.0,1.0,4.0,-2.0,2.0,-1.0,4.0,-3.0,0.0,2.0,-5.0,-2.0,-3.0,-1.0,0.0,0.0,3.0,-2.0,3.0,0.0,-2.0
191,1.0,2.0,0.0,0.0,2.0,1.0,3.0,2.0,-4.0,0.0,2.0,-1.0,0.0,2.0,2.0,2.0,1.0,0.0,1.0,1.0,2.0,0.0,1.0,0.0,0.0,-1.0,-2.0,-1.0,0.0,2.0
192,-1.0,-1.0,5.0,-1.0,-3.0,-2.0,2.0,0.0,2.0,1.0,1.0,0.0,1.0,1.0,2.0,1.0,-1.0,5.0,2.0,7.0,1.0,-1.0,0.0,3.0,0.0,-1.0,2.0,2.0,1.0,0.0
193,2.0,3.0,0.0,1.0,-1.0,0.0,1.0,0.0,1.0,0.0,0.0,0.0,0.0,0.0,0.0,0.0,0.0,0.0,2.0,1.0,0.0,0.0,0.0,1.0,0.0,0.0,0.0,0.0,0.0,0.0
194,-1.0,3.0,1.0,1.0,-1.0,-2.0,2.0,-1.0,0.0,-1.0,2.0,3.0,-3.0,0.0,0.0,-1.0,0.0,2.0,3.0,3.0,3.0,-1.0,4.0,-1.0,2.0,-7.0,2.0,-2.0,0.0,2.0
195,0.0,0.0,-3.0,0.0,13.0,8.0,4.0,8.0,-4.0,5.0,9.0,1.0,4.0,7.0,3.0,6.0,-3.0,5.0,6.0,4.0,6.0,1.0,4.0,5.0,-1.0,4.0,4.0,11.0,-1.0,9.0
196,0.0,2.0,-3.0,0.0,-1.0,1.0,6.0,1.0,-2.0,-2.0,7.0,-2.0,-1.0,-2.0,-1.0,-4.0,-1.0,8.0,8.0,1.0,-1.0,1.0,-1.0,0.0,-1.0,5.0,0.0,1.0,0.0,4.0
197,2.0,0.0,-1.0,3.0,-2.0,-1.0,-1.0,-1.0,2.0,-3.0,6.0,-3.0,-2.0,-3.0,1.0,0.0,0.0,3.0,11.0,2.0,4.0,0.0,1.0,-2.0,2.0,-2.0,-1.0,0.0,-1.0,-1.0
198,-8.0,-1.0,-5.0,-4.0,-4.0,-6.0,-7.0,1.0,-3.0,-8.0,-3.0,-8.0,-3.0,-4.0,1.0,-1.0,2.0,-12.0,-13.0,-5.0,-6.0,1.0,2.0,-6.0,-3.0,-9.0,0.0,0.0,-3.0,-8.0
199,0.0,2.0,1.0,-10.0,-7.0,3.0,2.0,-2.0,1.0,8.0,-7.0,16.0,0.0,0.0,1.0,-4.0,0.0,14.0,-2.0,0.0,-4.0,-1.0,-11.0,1.0,2.0,0.0,1.0,9.0,-1.0,-3.0
200,0.0,-1.0,0.0,0.0,0.0,0.0,2.0,0.0,-1.0,1.0,-1.0,0.0,0.0,1.0,0.0,0.0,0.0,0.0,0.0,1.0,1.0,0.0,0.0,0.0,0.0,4.0,-3.0,-1.0,0.0,0.0
201,0.0,0.0,0.0,0.0,0.0,0.0,0.0,0.0,0.0,1.0,0.0,1.0,1.0,0.0,0.0,0.0,0.0,0.0,0.0,0.0,0.0,0.0,0.0,1.0,0.0,-1.0,0.0,0.0,0.0,0.0
202,1.0,3.0,-1.0,7.0,-2.0,1.0,-2.0,2.0,-1.0,-1.0,0.0,-5.0,0.0,0.0,0.0,0.0,-2.0,1.0,-2.0,-2.0,1.0,-1.0,-1.0,0.0,0.0,1.0,2.0,0.0,-1.0,-1.0
203,2.0,0.0,1.0,0.0,0.0,1.0,0.0,-1.0,0.0,0.0,0.0,0.0,0.0,0.0,-1.0,0.0,0.0,0.0,-2.0,0.0,0.0,1.0,0.0,1.0,0.0,-5.0,0.0,3.0,0.0,0.0
204,0.0,0.0,0.0,0.0,2.0,1.0,0.0,0.0,1.0,0.0,1.0,0.0,1.0,0.0,0.0,0.0,0.0,0.0,-2.0,0.0,0.0,1.0,1.0,0.0,0.0,0.0,0.0,1.0,0.0,0.0
205,0.0,1.0,-2.0,-1.0,0.0,-1.0,2.0,0.0,-2.0,4.0,0.0,3.0,0.0,-1.0,-1.0,-2.0,0.0,-5.0,1.0,0.0,-1.0,-1.0,-1.0,-2.0,0.0,-3.0,-2.0,0.0,0.0,2.0
206,0.0,0.0,-2.0,2.0,-1.0,-2.0,-3.0,-2.0,0.0,0.0,2.0,0.0,0.0,0.0,-1.0,0.0,0.0,0.0,-1.0,-2.0,0.0,-1.0,-4.0,1.0,0.0,0.0,0.0,-1.0,0.0,1.0
207,-1.0,2.0,-1.0,-2.0,0.0,1.0,0.0,0.0,0.0,2.0,-1.0,0.0,-1.0,0.0,0.0,0.0,0.0,3.0,-1.0,-1.0,0.0,1.0,2.0,0.0,0.0,1.0,2.0,-2.0,0.0,0.0
208,-2.0,1.0,0.0,0.0,0.0,1.0,3.0,-2.0,2.0,0.0,-2.0,1.0,-1.0,-1.0,-1.0,1.0,0.0,-2.0,-2.0,-1.0,3.0,-2.0,0.0,-1.0,0.0,-5.0,1.0,1.0,1.0,-1.0
209,0.0,0.0,0.0,0.0,-1.0,0.0,-2.0,-2.0,1.0,0.0,0.0,0.0,0.0,-1.0,0.0,0.0,0.0,0.0,-4.0,1.0,0.0,0.0,1.0,1.0,-2.0,0.0,2.0,2.0,0.0,0.0
210,3.0,4.0,3.0,1.0,-5.0,5.0,-9.0,-6.0,-2.0,-3.0,5.0,8.0,0.0,-3.0,0.0,-2.0,2.0,2.0,-3.0,0.0,-10.0,-4.0,-3.0,-2.0,0.0,4.0,5.0,1.0,0.0,-1.0
211,-3.0,9.0,3.0,-1.0,-2.0,0.0,3.0,-1.0,-4.0,-4.0,-1.0,8.0,3.0,-2.0,-1.0,-3.0,4.0,-1.0,6.0,1.0,-1.0,-9.0,-8.0,-3.0,2.0,-3.0,-3.0,-7.0,3.0,6.0
212,4.0,0.0,7.0,-6.0,10.0,1.0,-4.0,0.0,1.0,-1.0,-2.0,1.0,-3.0,1.0,0.0,4.0,0.0,1.0,6.0,-2.0,5.0,1.0,2.0,-6.0,0.0,6.0,-3.0,-3.0,0.0,-1.0
213,-2.0,2.0,3.0,-1.0,1.0,0.0,1.0,1.0,1.0,3.0,-3.0,-8.0,-2.0,3.0,1.0,-1.0,1.0,-4.0,0.0,-1.0,1.0,2.0,0.0,2.0,2.0,2.0,1.0,2.0,1.0,-3.0
214,1.0,-2.0,2.0,2.0,2.0,2.0,1.0,4.0,-3.0,-2.0,-3.0,3.0,-1.0,1.0,0.0,-1.0,0.0,-2.0,6.0,1.0,1.0,1.0,1.0,-2.0,1.0,2.0,0.0,3.0,0.0,-3.0
215,0.0,0.0,3.0,0.0,1.0,0.0,2.0,-1.0,0.0,0.0,0.0,1.0,0.0,0.0,0.0,0.0,0.0,-1.0,3.0,1.0,0.0,0.0,1.0,0.0,0.0,2.0,1.0,0.0,0.0,1.0
216,1.0,-2.0,-4.0,-1.0,-3.0,5.0,-2.0,-1.0,1.0,0.0,0.0,-4.0,2.0,0.0,2.0,-2.0,2.0,-5.0,-5.0,-4.0,1.0,0.0,1.0,0.0,0.0,-8.0,0.0,2.0,0.0,-1.0
217,1.0,-3.0,-3.0,0.0,2.0,-2.0,-1.0,-1.0,0.0,0.0,2.0,-1.0,0.0,0.0,-1.0,-2.0,0.0,-4.0,2.0,-3.0,-2.0,-1.0,-3.0,0.0,-1.0,0.0,0.0,-1.0,-1.0,-1.0
218,0.0,1.0,0.0,0.0,0.0,0.0,0.0,0.0,0.0,0.0,0.0,0.0,0.0,0.0,0.0,0.0,0.0,0.0,0.0,0.0,0.0,0.0,0.0,0.0,0.0,0.0,0.0,0.0,0.0,0.0
219,0.0,-4.0,1.0,-2.0,-3.0,-2.0,-2.0,0.0,2.0,-1.0,-3.0,-1.0,2.0,1.0,1.0,3.0,0.0,-6.0,4.0,0.0,4.0,-1.0,3.0,-2.0,1.0,-9.0,2.0,1.0,-1.0,-3.0
220,5.0,-2.0,0.0,0.0,1.0,-8.0,1.0,1.0,-6.0,3.0,3.0,-1.0,1.0,-1.0,-3.0,1.0,4.0,-7.0,-6.0,-7.0,0.0,-1.0,2.0,-3.0,1.0,-1.0,2.0,2.0,-2.0,-8.0
222,-2.0,0.0,2.0,-2.0,-1.0,2.0,-2.0,2.0,0.0,1.0,-4.0,3.0,-1.0,-1.0,-1.0,0.0,0.0,5.0,-4.0,1.0,-2.0,0.0,-2.0,-3.0,0.0,3.0,-1.0,2.0,0.0,0.0
223,1.0,0.0,0.0,-5.0,-1.0,1.0,4.0,3.0,2.0,2.0,0.0,-12.0,3.0,1.0,1.0,2.0,-1.0,5.0,2.0,2.0,5.0,0.0,4.0,3.0,0.0,9.0,2.0,1.0,1.0,2.0
224,1.0,-7.0,-1.0,1.0,3.0,2.0,1.0,0.0,1.0,2.0,-3.0,-1.0,3.0,-1.0,0.0,0.0,-1.0,-1.0,-6.0,1.0,6.0,1.0,-3.0,-1.0,-2.0,1.0,3.0,1.0,0.0,7.0
225,-2.0,6.0,-7.0,0.0,2.0,-1.0,2.0,0.0,1.0,-1.0,-3.0,3.0,-6.0,0.0,-3.0,-3.0,0.0,7.0,-10.0,2.0,-3.0,4.0,4.0,0.0,-2.0,5.0,0.0,-4.0,1.0,6.0
226,0.0,2.0,-2.0,-1.0,4.0,0.0,4.0,1.0,1.0,-5.0,1.0,-3.0,4.0,0.0,2.0,0.0,0.0,10.0,-8.0,0.0,0.0,-6.0,4.0,0.0,0.0,-2.0,4.0,4.0,0.0,-2.0
227,1.0,0.0,1.0,-1.0,-1.0,-2.0,9.0,-1.0,-4.0,1.0,-9.0,5.0,0.0,-1.0,-2.0,2.0,1.0,-6.0,-3.0,4.0,-4.0,2.0,2.0,-1.0,0.0,0.0,3.0,3.0,0.0,-1.0
228,2.0,1.0,2.0,0.0,1.0,1.0,5.0,0.0,0.0,1.0,-1.0,-2.0,0.0,-3.0,4.0,-5.0,0.0,-1.0,-1.0,-1.0,-3.0,2.0,-2.0,2.0,0.0,2.0,-3.0,4.0,0.0,2.0
229,-1.0,1.0,-1.0,4.0,-5.0,1.0,0.0,3.0,-1.0,2.0,1.0,-1.0,1.0,1.0,1.0,-3.0,1.0,-8.0,3.0,-5.0,-4.0,4.0,-1.0,-3.0,-3.0,1.0,0.0,-3.0,0.0,-4.0
230,1.0,-6.0,2.0,1.0,3.0,1.0,-1.0,-1.0,4.0,-2.0,-2.0,-3.0,0.0,2.0,-1.0,0.0,3.0,-4.0,-2.0,-3.0,3.0,1.0,0.0,-1.0,0.0,-6.0,1.0,2.0,0.0,2.0
231,-3.0,-1.0,2.0,3.0,0.0,-6.0,-11.0,2.0,-2.0,-5.0,-5.0,1.0,-2.0,-2.0,-1.0,-3.0,1.0,4.0,-12.0,2.0,1.0,-8.0,-5.0,1.0,1.0,0.0,-2.0,-6.0,-5.0,-1.0
232,-3.0,1.0,-2.0,1.0,-1.0,3.0,-2.0,-1.0,0.0,-4.0,7.0,-3.0,0.0,6.0,0.0,0.0,1.0,10.0,0.0,3.0,1.0,-6.0,-2.0,0.0,0.0,3.0,-7.0,-1.0,0.0,3.0
233,2.0,0.0,0.0,0.0,1.0,-3.0,-1.0,1.0,-1.0,1.0,-5.0,0.0,1.0,0.0,1.0,0.0,0.0,-4.0,0.0,2.0,1.0,2.0,1.0,1.0,2.0,5.0,0.0,2.0,3.0,0.0
234,-1.0,0.0,2.0,-1.0,-4.0,-2.0,1.0,0.0,1.0,0.0,-2.0,2.0,-3.0,0.0,1.0,-1.0,-1.0,-7.0,-2.0,4.0,1.0,0.0,0.0,-2.0,0.0,1.0,1.0,1.0,1.0,1.0
236,1.0,-2.0,0.0,1.0,4.0,0.0,4.0,1.0,-1.0,1.0,-4.0,2.0,2.0,0.0,0.0,3.0,0.0,3.0,1.0,-2.0,-1.0,-1.0,-1.0,6.0,1.0,1.0,-2.0,4.0,0.0,-2.0
237,1.0,0.0,0.0,0.0,1.0,0.0,-1.0,3.0,0.0,6.0,3.0,-3.0,0.0,2.0,2.0,1.0,2.0,2.0,-3.0,5.0,-2.0,0.0,3.0,3.0,2.0,-2.0,0.0,3.0,0.0,3.0
238,0.0,0.0,0.0,0.0,2.0,-1.0,-3.0,1.0,3.0,1.0,1.0,0.0,1.0,-1.0,-2.0,1.0,2.0,4.0,-2.0,2.0,-1.0,-3.0,0.0,1.0,0.0,-4.0,1.0,2.0,0.0,3.0
239,0.0,1.0,-1.0,-1.0,-4.0,-2.0,0.0,0.0,0.0,5.0,5.0,0.0,1.0,0.0,1.0,-1.0,2.0,-3.0,-4.0,-3.0,-1.0,-2.0,-1.0,1.0,0.0,-5.0,2.0,1.0,0.0,-4.0
240,3.0,-1.0,-6.0,7.0,-4.0,-5.0,1.0,-1.0,2.0,1.0,4.0,-5.0,3.0,-5.0,2.0,-3.0,-1.0,1.0,5.0,-2.0,-3.0,1.0,0.0,-2.0,0.0,-6.0,-2.0,-3.0,0.0,0.0
241,-1.0,-3.0,1.0,-2.0,0.0,0.0,1.0,1.0,1.0,1.0,1.0,2.0,1.0,1.0,0.0,-2.0,0.0,-2.0,2.0,2.0,2.0,1.0,0.0,1.0,1.0,0.0,0.0,2.0,0.0,2.0
242,0.0,2.0,-1.0,2.0,-1.0,-1.0,-3.0,-2.0,1.0,-1.0,3.0,0.0,-1.0,-2.0,1.0,-2.0,-2.0,2.0,5.0,-1.0,0.0,-1.0,0.0,1.0,0.0,1.0,-1.0,2.0,0.0,3.0
243,-1.0,0.0,-2.0,4.0,0.0,3.0,0.0,-1.0,2.0,-3.0,-3.0,1.0,-1.0,0.0,0.0,-2.0,0.0,0.0,-4.0,-1.0,-1.0,0.0,-1.0,-1.0,0.0,2.0,4.0,0.0,0.0,1.0
244,2.0,0.0,1.0,-2.0,3.0,2.0,2.0,1.0,1.0,1.0,2.0,0.0,0.0,0.0,1.0,0.0,-1.0,2.0,3.0,0.0,1.0,1.0,-1.0,2.0,0.0,3.0,0.0,-1.0,1.0,1.0
245,0.0,-1.0,-5.0,-4.0,4.0,2.0,0.0,0.0,0.0,1.0,3.0,-4.0,0.0,0.0,-1.0,-2.0,1.0,-2.0,-3.0,0.0,2.0,0.0,3.0,2.0,0.0,7.0,0.0,1.0,0.0,2.0
246,0.0,1.0,1.0,0.0,0.0,1.0,-2.0,-1.0,0.0,0.0,0.0,-1.0,0.0,1.0,0.0,0.0,0.0,0.0,-3.0,-1.0,1.0,0.0,2.0,0.0,0.0,0.0,-1.0,0.0,1.0,-1.0
247,1.0,2.0,3.0,0.0,2.0,1.0,2.0,1.0,2.0,4.0,0.0,3.0,0.0,-1.0,0.0,1.0,1.0,2.0,1.0,-2.0,1.0,0.0,1.0,2.0,-1.0,-1.0,2.0,-2.0,0.0,-1.0
248,0.0,1.0,-1.0,3.0,-1.0,0.0,2.0,0.0,0.0,-2.0,0.0,-4.0,2.0,0.0,1.0,-1.0,0.0,0.0,1.0,-2.0,0.0,-1.0,0.0,2.0,-1.0,0.0,0.0,0.0,1.0,0.0
250,0.0,0.0,3.0,2.0,1.0,1.0,0.0,-2.0,-3.0,-2.0,0.0,0.0,-1.0,2.0,1.0,1.0,1.0,-4.0,1.0,0.0,-1.0,-2.0,-3.0,-1.0,1.0,-4.0,-1.0,2.0,6.0,-1.0
251,-1.0,-2.0,-1.0,2.0,1.0,1.0,3.0,2.0,1.0,1.0,-1.0,4.0,0.0,0.0,1.0,0.0,2.0,3.0,-2.0,3.0,2.0,0.0,1.0,1.0,2.0,-4.0,-1.0,2.0,0.0,0.0
252,0.0,-1.0,-1.0,0.0,0.0,0.0,1.0,0.0,0.0,0.0,2.0,0.0,1.0,0.0,0.0,-1.0,0.0,1.0,0.0,0.0,0.0,0.0,1.0,0.0,0.0,-4.0,2.0,-3.0,0.0,-1.0
253,-1.0,2.0,0.0,0.0,0.0,2.0,2.0,-2.0,-2.0,3.0,0.0,2.0,-3.0,1.0,-1.0,-2.0,-2.0,1.0,-3.0,0.0,-1.0,2.0,1.0,2.0,0.0,4.0,-4.0,0.0,1.0,-3.0
254,0.0,1.0,5.0,0.0,4.0,-3.0,4.0,2.0,6.0,2.0,-2.0,3.0,1.0,-2.0,1.0,0.0,1.0,1.0,5.0,-5.0,5.0,3.0,-2.0,3.0,0.0,4.0,2.0,-4.0,1.0,-1.0
255,-2.0,-5.0,-1.0,-2.0,-1.0,1.0,1.0,-2.0,0.0,-1.0,-2.0,-1.0,0.0,5.0,2.0,1.0,-5.0,-7.0,-7.0,3.0,1.0,4.0,-4.0,-1.0,1.0,10.0,1.0,5.0,1.0,-2.0
256,-1.0,2.0,10.0,3.0,1.0,1.0,2.0,-1.0,1.0,-1.0,5.0,3.0,-4.0,-2.0,0.0,0.0,2.0,3.0,9.0,3.0,-1.0,4.0,2.0,2.0,2.0,8.0,1.0,6.0,2.0,4.0
257,2.0,-4.0,-2.0,1.0,2.0,1.0,-1.0,3.0,0.0,-2.0,2.0,0.0,-3.0,0.0,-1.0,0.0,-1.0,1.0,-1.0,2.0,0.0,-1.0,1.0,-1.0,-1.0,3.0,0.0,-4.0,1.0,-3.0
258,0.0,0.0,-2.0,-2.0,-3.0,-2.0,0.0,0.0,0.0,-2.0,-1.0,-1.0,-1.0,0.0,-1.0,-1.0,0.0,-1.0,2.0,0.0,-1.0,1.0,-1.0,-2.0,0.0,0.0,-1.0,-2.0,0.0,-2.0
259,5.0,-1.0,1.0,1.0,-2.0,-1.0,-1.0,1.0,0.0,0.0,1.0,-1.0,1.0,1.0,0.0,1.0,-1.0,-3.0,-2.0,0.0,1.0,0.0,1.0,-1.0,-3.0,-1.0,0.0,0.0,0.0,-1.0
260,0.0,1.0,-6.0,-2.0,-4.0,-2.0,-1.0,-3.0,0.0,-1.0,-2.0,-5.0,0.0,3.0,-1.0,1.0,-1.0,1.0,-15.0,8.0,-4.0,-2.0,-1.0,-2.0,-2.0,-13.0,-2.0,-5.0,-3.0,-3.0
261,1.0,0.0,0.0,1.0,2.0,2.0,1.0,-1.0,7.0,0.0,0.0,0.0,0.0,0.0,3.0,-1.0,3.0,0.0,3.0,-2.0,-4.0,0.0,-1.0,0.0,1.0,0.0,-3.0,2.0,0.0,0.0
262,1.0,0.0,0.0,0.0,0.0,1.0,0.0,0.0,0.0,0.0,0.0,0.0,0.0,0.0,0.0,0.0,0.0,0.0,1.0,0.0,0.0,1.0,0.0,0.0,0.0,0.0,0.0,0.0,0.0,0.0
263,1.0,0.0,0.0,1.0,2.0,0.0,4.0,-1.0,-1.0,1.0,1.0,0.0,0.0,0.0,0.0,1.0,0.0,-1.0,1.0,2.0,1.0,1.0,0.0,0.0,0.0,2.0,0.0,-3.0,0.0,2.0
264,1.0,-5.0,-1.0,1.0,3.0,1.0,0.0,0.0,-2.0,1.0,6.0,2.0,1.0,2.0,-3.0,0.0,1.0,7.0,-4.0,7.0,0.0,5.0,-1.0,1.0,0.0,0.0,3.0,0.0,0.0,-2.0
265,0.0,0.0,0.0,0.0,1.0,1.0,1.0,0.0,0.0,0.0,0.0,1.0,0.0,0.0,0.0,0.0,0.0,-1.0,0.0,1.0,0.0,0.0,0.0,0.0,0.0,0.0,0.0,0.0,0.0,0.0
267,1.0,0.0,-1.0,-1.0,0.0,0.0,2.0,-1.0,1.0,1.0,0.0,0.0,0.0,1.0,0.0,0.0,0.0,0.0,0.0,0.0,0.0,0.0,-2.0,0.0,0.0,1.0,-1.0,0.0,0.0,0.0
268,0.0,-4.0,2.0,-1.0,0.0,-6.0,-7.0,3.0,1.0,1.0,1.0,16.0,0.0,0.0,0.0,2.0,0.0,0.0,0.0,-6.0,-2.0,1.0,2.0,2.0,0.0,-15.0,-2.0,4.0,0.0,4.0
270,1.0,0.0,0.0,-1.0,0.0,0.0,-2.0,0.0,-2.0,0.0,0.0,0.0,-1.0,0.0,1.0,2.0,0.0,0.0,0.0,0.0,0.0,0.0,1.0,0.0,0.0,1.0,1.0,0.0,0.0,0.0
271,0.0,0.0,1.0,-1.0,-2.0,-1.0,0.0,-1.0,1.0,0.0,0.0,2.0,0.0,0.0,0.0,1.0,-1.0,-3.0,-2.0,1.0,0.0,1.0,-1.0,0.0,0.0,0.0,1.0,-2.0,0.0,1.0
272,-1.0,0.0,2.0,0.0,0.0,0.0,1.0,0.0,0.0,-2.0,-1.0,1.0,0.0,1.0,0.0,0.0,0.0,0.0,2.0,0.0,0.0,0.0,2.0,-1.0,1.0,-3.0,-2.0,4.0,0.0,-3.0
273,-2.0,4.0,2.0,5.0,-6.0,-1.0,-2.0,0.0,-5.0,-2.0,2.0,-2.0,-1.0,0.0,-1.0,2.0,1.0,0.0,3.0,-2.0,0.0,1.0,1.0,-4.0,3.0,1.0,3.0,0.0,2.0,0.0
274,0.0,0.0,0.0,0.0,0.0,1.0,-4.0,0.0,1.0,2.0,2.0,-1.0,1.0,0.0,0.0,0.0,0.0,-1.0,1.0,-5.0,-2.0,0.0,0.0,1.0,0.0,-1.0,-2.0,0.0,0.0,0.0
275,0.0,0.0,-2.0,-3.0,1.0,-2.0,-1.0,0.0,-1.0,2.0,-3.0,2.0,0.0,-1.0,1.0,0.0,0.0,-2.0,1.0,3.0,1.0,1.0,1.0,-2.0,0.0,2.0,0.0,1.0,0.0,-1.0
276,-2.0,-2.0,-1.0,1.0,0.0,0.0,-2.0,2.0,0.0,-1.0,0.0,6.0,-3.0,0.0,1.0,0.0,2.0,-1.0,3.0,1.0,-2.0,-1.0,0.0,3.0,0.0,-2.0,-1.0,-1.0,1.0,2.0
277,1.0,1.0,0.0,0.0,2.0,1.0,2.0,-2.0,0.0,-2.0,-4.0,-1.0,0.0,1.0,0.0,2.0,-2.0,5.0,-7.0,1.0,1.0,0.0,3.0,-2.0,-1.0,-3.0,0.0,-3.0,1.0,1.0
278,0.0,0.0,3.0,1.0,0.0,0.0,0.0,-1.0,0.0,0.0,1.0,-2.0,0.0,-2.0,-1.0,0.0,2.0,0.0,-2.0,0.0,-1.0,-1.0,1.0,1.0,-2.0,-1.0,-2.0,0.0,0.0,0.0
279,0.0,1.0,0.0,0.0,1.0,0.0,-1.0,1.0,0.0,0.0,0.0,0.0,0.0,0.0,0.0,0.0,0.0,1.0,-2.0,0.0,0.0,0.0,0.0,0.0,0.0,1.0,0.0,0.0,0.0,0.0
280,-3.0,1.0,1.0,-2.0,1.0,0.0,2.0,0.0,1.0,1.0,0.0,0.0,0.0,2.0,0.0,0.0,0.0,-1.0,4.0,1.0,2.0,1.0,1.0,0.0,1.0,1.0,1.0,0.0,0.0,3.0
281,0.0,0.0,0.0,0.0,0.0,0.0,0.0,0.0,1.0,0.0,-1.0,0.0,1.0,0.0,1.0,1.0,1.0,0.0,0.0,-1.0,0.0,0.0,1.0,0.0,0.0,0.0,0.0,0.0,0.0,1.0
282,-2.0,-3.0,1.0,-2.0,0.0,-3.0,-2.0,-2.0,0.0,1.0,-1.0,3.0,-1.0,-1.0,0.0,0.0,0.0,1.0,3.0,1.0,1.0,1.0,1.0,3.0,0.0,1.0,-1.0,0.0,0.0,0.0
283,1.0,0.0,-1.0,0.0,-1.0,-1.0,5.0,2.0,0.0,3.0,0.0,-1.0,0.0,2.0,5.0,-2.0,-1.0,0.0,0.0,-1.0,-1.0,1.0,-3.0,1.0,0.0,-2.0,-6.0,0.0,0.0,3.0
284,2.0,1.0,1.0,2.0,-3.0,0.0,3.0,0.0,1.0,-1.0,1.0,-1.0,-1.0,1.0,1.0,0.0,0.0,9.0,-5.0,-1.0,3.0,0.0,1.0,3.0,1.0,0.0,-1.0,-1.0,0.0,0.0
285,0.0,0.0,1.0,0.0,0.0,-1.0,-1.0,0.0,0.0,-1.0,-1.0,0.0,0.0,0.0,0.0,0.0,1.0,0.0,1.0,-1.0,1.0,0.0,0.0,-1.0,0.0,2.0,-2.0,-1.0,0.0,-2.0
286,1.0,5.0,3.0,1.0,0.0,-4.0,-1.0,0.0,-2.0,-2.0,2.0,0.0,-2.0,-1.0,1.0,2.0,0.0,-1.0,0.0,0.0,-1.0,4.0,1.0,1.0,2.0,1.0,-1.0,-2.0,0.0,0.0
287,1.0,0.0,1.0,-2.0,2.0,2.0,2.0,-6.0,0.0,-1.0,0.0,1.0,-2.0,0.0,-3.0,0.0,-2.0,0.0,1.0,-2.0,-4.0,-4.0,-6.0,-3.0,0.0,4.0,-4.0,2.0,-1.0,5.0
288,-2.0,-3.0,5.0,2.0,0.0,-1.0,-1.0,-3.0,0.0,4.0,-2.0,0.0,2.0,1.0,-2.0,0.0,3.0,-3.0,-4.0,4.0,-3.0,2.0,2.0,0.0,0.0,2.0,-1.0,5.0,1.0,4.0
289,-1.0,-5.0,-4.0,-3.0,5.0,-6.0,-2.0,-4.0,0.0,5.0,-6.0,-6.0,0.0,0.0,0.0,2.0,3.0,-1.0,1.0,0.0,-1.0,5.0,-7.0,-1.0,-3.0,-9.0,-5.0,2.0,0.0,-1.0
290,0.0,1.0,-2.0,0.0,0.0,-1.0,-3.0,0.0,-1.0,0.0,4.0,4.0,2.0,-1.0,0.0,-1.0,0.0,0.0,5.0,-1.0,3.0,-2.0,2.0,2.0,1.0,8.0,1.0,2.0,0.0,2.0
291,-5.0,-1.0,-3.0,2.0,-4.0,1.0,-3.0,4.0,1.0,-5.0,2.0,2.0,4.0,2.0,-2.0,-1.0,-2.0,9.0,-1.0,-4.0,6.0,1.0,2.0,7.0,7.0,2.0,2.0,-2.0,2.0,-7.0
292,-2.0,1.0,0.0,0.0,-2.0,-1.0,-1.0,3.0,1.0,-1.0,0.0,0.0,-1.0,1.0,0.0,0.0,1.0,3.0,-4.0,1.0,0.0,0.0,-1.0,2.0,1.0,-2.0,1.0,-1.0,0.0,0.0
293,-1.0,-6.0,2.0,-3.0,-4.0,-3.0,1.0,-5.0,0.0,2.0,-6.0,-1.0,-2.0,-3.0,-3.0,-1.0,1.0,-6.0,-3.0,-4.0,-1.0,-3.0,-4.0,2.0,-2.0,-8.0,-1.0,1.0,0.0,3.0
294,-2.0,-3.0,-4.0,-6.0,1.0,-1.0,-8.0,1.0,0.0,-3.0,-2.0,-4.0,-4.0,-5.0,-4.0,0.0,-2.0,-2.0,0.0,-2.0,2.0,1.0,3.0,-3.0,-2.0,-7.0,-1.0,-3.0,-4.0,1.0
295,2.0,4.0,2.0,2.0,0.0,-1.0,6.0,3.0,3.0,-3.0,3.0,0.0,-1.0,3.0,0.0,1.0,0.0,-5.0,2.0,8.0,-2.0,-2.0,1.0,0.0,2.0,6.0,2.0,0.0,1.0,-1.0
296,1.0,-3.0,1.0,-4.0,-4.0,-2.0,-4.0,1.0,3.0,1.0,2.0,0.0,0.0,-1.0,-2.0,0.0,-1.0,4.0,0.0,2.0,3.0,0.0,-6.0,4.0,0.0,4.0,-1.0,-1.0,0.0,-2.0
297,0.0,-2.0,0.0,2.0,0.0,-1.0,1.0,0.0,0.0,-2.0,-5.0,1.0,0.0,-2.0,-1.0,0.0,0.0,0.0,0.0,-1.0,0.0,0.0,-1.0,-3.0,0.0,0.0,1.0,-2.0,0.0,-1.0
298,0.0,0.0,3.0,0.0,2.0,0.0,-3.0,0.0,-1.0,0.0,-2.0,2.0,4.0,1.0,0.0,2.0,0.0,5.0,3.0,1.0,-1.0,1.0,-2.0,-1.0,1.0,-3.0,-2.0,0.0,0.0,0.0
299,0.0,-1.0,-3.0,1.0,5.0,5.0,-4.0,0.0,-3.0,5.0,-6.0,5.0,-5.0,2.0,2.0,-1.0,-3.0,-3.0,3.0,2.0,-1.0,3.0,-1.0,-5.0,4.0,6.0,-2.0,-4.0,0.0,-7.0
300,3.0,1.0,-8.0,-4.0,-1.0,-6.0,1.0,-3.0,0.0,-5.0,0.0,-8.0,6.0,1.0,-2.0,-4.0,3.0,-13.0,-2.0,-2.0,-7.0,0.0,-4.0,7.0,-2.0,-7.0,-5.0,-1.0,-1.0,-7.0
301,2.0,5.0,4.0,-5.0,8.0,-1.0,9.0,-2.0,-5.0,9.0,2.0,5.0,1.0,1.0,0.0,-1.0,4.0,10.0,-1.0,5.0,2.0,-3.0,7.0,1.0,0.0,-7.0,11.0,2.0,-2.0,3.0
302,-4.0,-4.0,-1.0,-1.0,-14.0,0.0,-1.0,0.0,-1.0,-6.0,5.0,-6.0,6.0,-1.0,-1.0,6.0,0.0,-4.0,0.0,4.0,4.0,-3.0,2.0,-1.0,5.0,-3.0,-2.0,-1.0,1.0,-3.0
303,1.0,-6.0,-5.0,-1.0,3.0,2.0,0.0,-2.0,2.0,-10.0,1.0,-4.0,-3.0,0.0,4.0,3.0,-1.0,-6.0,8.0,1.0,6.0,3.0,-3.0,0.0,-3.0,-6.0,2.0,-2.0,1.0,0.0
304,-3.0,-1.0,5.0,1.0,-2.0,-5.0,1.0,0.0,-1.0,1.0,4.0,-3.0,-1.0,0.0,-3.0,1.0,-2.0,-1.0,-11.0,-7.0,5.0,-3.0,-5.0,-4.0,0.0,-4.0,-6.0,-1.0,2.0,3.0
305,0.0,-4.0,2.0,-1.0,1.0,1.0,-4.0,1.0,-1.0,-1.0,0.0,-4.0,0.0,0.0,-1.0,2.0,2.0,0.0,2.0,-2.0,0.0,0.0,1.0,-5.0,2.0,0.0,1.0,2.0,-1.0,2.0
306,2.0,0.0,1.0,1.0,-5.0,4.0,8.0,2.0,2.0,5.0,5.0,2.0,1.0,4.0,5.0,1.0,-1.0,2.0,-1.0,5.0,4.0,3.0,3.0,1.0,-2.0,-1.0,2.0,8.0,0.0,12.0
307,1.0,0.0,2.0,-2.0,2.0,-2.0,-1.0,1.0,1.0,3.0,2.0,0.0,2.0,2.0,1.0,-1.0,-1.0,-1.0,0.0,1.0,-4.0,-1.0,-1.0,-1.0,1.0,-2.0,1.0,-2.0,1.0,0.0
308,0.0,2.0,-3.0,0.0,-1.0,-2.0,-2.0,1.0,0.0,0.0,-1.0,1.0,1.0,0.0,-2.0,1.0,1.0,-3.0,-2.0,-1.0,-1.0,0.0,-1.0,1.0,-1.0,-4.0,0.0,-2.0,-2.0,0.0
309,-2.0,2.0,-1.0,-1.0,-1.0,0.0,2.0,0.0,0.0,0.0,-1.0,-1.0,1.0,0.0,0.0,0.0,1.0,-7.0,6.0,0.0,1.0,0.0,0.0,0.0,0.0,2.0,0.0,-2.0,0.0,-2.0
310,-4.0,-4.0,3.0,-1.0,4.0,0.0,-1.0,1.0,-2.0,2.0,-1.0,-5.0,1.0,-1.0,-2.0,-1.0,0.0,0.0,0.0,0.0,0.0,1.0,2.0,-1.0,3.0,2.0,1.0,2.0,0.0,1.0
311,0.0,2.0,1.0,4.0,0.0,-1.0,3.0,3.0,1.0,2.0,3.0,2.0,1.0,0.0,0.0,0.0,0.0,3.0,-1.0,0.0,0.0,0.0,0.0,-2.0,0.0,-2.0,-1.0,0.0,-1.0,1.0
312,-1.0,2.0,2.0,0.0,3.0,1.0,-1.0,0.0,1.0,2.0,2.0,-6.0,-1.0,2.0,0.0,2.0,7.0,-5.0,3.0,1.0,0.0,-2.0,1.0,4.0,-2.0,-4.0,1.0,2.0,-1.0,-5.0
313,-1.0,-5.0,-4.0,12.0,-3.0,-4.0,8.0,-2.0,5.0,5.0,4.0,0.0,0.0,1.0,-3.0,-1.0,-2.0,14.0,-1.0,2.0,10.0,1.0,1.0,2.0,3.0,1.0,4.0,-1.0,1.0,-5.0
314,0.0,1.0,1.0,-2.0,4.0,1.0,0.0,0.0,1.0,0.0,-2.0,0.0,-1.0,0.0,-1.0,0.0,-1.0,-1.0,2.0,0.0,0.0,0.0,0.0,1.0,0.0,5.0,1.0,0.0,-1.0,2.0
315,0.0,1.0,-1.0,2.0,-1.0,1.0,0.0,-2.0,0.0,2.0,1.0,0.0,1.0,0.0,3.0,0.0,0.0,-6.0,-1.0,2.0,-3.0,1.0,-2.0,0.0,0.0,-1.0,1.0,-1.0,1.0,3.0
316,4.0,-1.0,-3.0,-4.0,-1.0,1.0,4.0,-4.0,1.0,0.0,0.0,2.0,-3.0,0.0,2.0,1.0,0.0,-1.0,-3.0,2.0,0.0,1.0,1.0,0.0,2.0,0.0,-1.0,3.0,0.0,-3.0
317,0.0,-5.0,6.0,0.0,1.0,-1.0,5.0,1.0,2.0,4.0,1.0,3.0,2.0,2.0,2.0,-1.0,5.0,3.0,2.0,3.0,5.0,1.0,3.0,0.0,-1.0,2.0,0.0,2.0,2.0,5.0
318,2.0,1.0,3.0,0.0,-2.0,-2.0,2.0,2.0,1.0,2.0,0.0,3.0,2.0,-1.0,-2.0,3.0,0.0,1.0,-3.0,-1.0,-1.0,0.0,1.0,-1.0,0.0,-1.0,3.0,4.0,0.0,-1.0
319,-1.0,0.0,-3.0,1.0,0.0,-1.0,2.0,-1.0,0.0,0.0,0.0,-2.0,0.0,0.0,0.0,0.0,0.0,-2.0,-4.0,-2.0,2.0,-1.0,1.0,1.0,0.0,0.0,1.0,0.0,1.0,2.0
320,0.0,5.0,1.0,4.0,1.0,-2.0,-4.0,10.0,1.0,-3.0,0.0,1.0,3.0,-4.0,-3.0,0.0,0.0,-1.0,5.0,-4.0,-4.0,0.0,5.0,1.0,-2.0,6.0,5.0,0.0,1.0,3.0
321,-6.0,3.0,-3.0,-5.0,3.0,1.0,6.0,-2.0,1.0,4.0,-2.0,-6.0,0.0,-8.0,1.0,1.0,-1.0,1.0,1.0,-2.0,3.0,2.0,-1.0,7.0,0.0,4.0,-7.0,0.0,-2.0,-8.0
322,-1.0,0.0,-2.0,-2.0,4.0,-3.0,-4.0,-2.0,4.0,-1.0,-7.0,-3.0,-1.0,3.0,-2.0,-4.0,0.0,-3.0,-2.0,-3.0,-2.0,1.0,0.0,-2.0,0.0,1.0,0.0,1.0,0.0,-4.0
323,1.0,0.0,-3.0,-3.0,-1.0,-1.0,0.0,0.0,0.0,0.0,0.0,0.0,2.0,-1.0,0.0,2.0,-1.0,-7.0,0.0,-1.0,-1.0,2.0,0.0,-1.0,3.0,-1.0,-2.0,-1.0,0.0,-4.0
324,2.0,6.0,-2.0,3.0,2.0,2.0,4.0,-1.0,1.0,3.0,3.0,10.0,0.0,3.0,3.0,0.0,-2.0,-1.0,9.0,-1.0,2.0,3.0,0.0,2.0,2.0,10.0,4.0,4.0,0.0,4.0
325,1.0,3.0,-4.0,1.0,-3.0,3.0,-1.0,3.0,1.0,-1.0,-3.0,2.0,1.0,-2.0,1.0,-1.0,-3.0,5.0,-5.0,5.0,1.0,3.0,0.0,-3.0,-1.0,-5.0,-2.0,-1.0,-1.0,-2.0
326,0.0,0.0,3.0,1.0,-4.0,6.0,2.0,3.0,-2.0,3.0,-2.0,7.0,0.0,-2.0,-4.0,-1.0,3.0,4.0,4.0,-2.0,-3.0,2.0,-1.0,-1.0,0.0,-2.0,1.0,-1.0,2.0,2.0
327,2.0,-1.0,-1.0,3.0,0.0,2.0,-3.0,3.0,-2.0,2.0,1.0,-1.0,1.0,-1.0,2.0,-1.0,-3.0,-3.0,-1.0,-1.0,-2.0,1.0,-2.0,-3.0,-2.0,9.0,2.0,2.0,0.0,3.0
328,2.0,1.0,1.0,0.0,0.0,2.0,0.0,0.0,-1.0,0.0,0.0,3.0,2.0,0.0,0.0,0.0,0.0,0.0,3.0,0.0,0.0,0.0,-2.0,-1.0,1.0,1.0,0.0,-3.0,0.0,0.0
329,-1.0,-2.0,5.0,-4.0,-5.0,1.0,7.0,1.0,-3.0,-2.0,3.0,6.0,-3.0,0.0,-1.0,1.0,1.0,0.0,-1.0,2.0,-2.0,-5.0,0.0,0.0,0.0,4.0,3.0,-2.0,0.0,0.0
330,0.0,2.0,2.0,-4.0,1.0,0.0,0.0,-1.0,0.0,1.0,0.0,-2.0,0.0,0.0,0.0,1.0,0.0,-3.0,0.0,3.0,-6.0,0.0,0.0,0.0,1.0,2.0,-3.0,-3.0,0.0,-2.0
331,-2.0,2.0,7.0,2.0,0.0,2.0,0.0,-1.0,4.0,-4.0,-3.0,-2.0,5.0,0.0,4.0,1.0,-1.0,-11.0,4.0,-1.0,-3.0,1.0,4.0,-3.0,-1.0,6.0,-4.0,-4.0,0.0,-2.0
332,-7.0,-5.0,-2.0,-5.0,-4.0,-2.0,-4.0,-1.0,0.0,-5.0,-2.0,-5.0,-4.0,0.0,-1.0,-2.0,-2.0,-1.0,1.0,-5.0,-5.0,0.0,-5.0,0.0,-6.0,6.0,-3.0,-6.0,3.0,-2.0
333,-4.0,-2.0,8.0,-1.0,1.0,0.0,2.0,-1.0,-1.0,-1.0,-4.0,-3.0,1.0,2.0,1.0,0.0,-1.0,2.0,-5.0,-4.0,2.0,1.0,0.0,5.0,0.0,-1.0,-1.0,-1.0,0.0,5.0
334,-2.0,0.0,1.0,-1.0,-3.0,-1.0,2.0,-3.0,-2.0,0.0,-1.0,3.0,-6.0,-3.0,-1.0,-4.0,-6.0,-1.0,2.0,1.0,2.0,2.0,1.0,-4.0,-4.0,3.0,1.0,-3.0,-4.0,1.0
335,0.0,-1.0,0.0,0.0,0.0,0.0,0.0,1.0,0.0,0.0,0.0,3.0,0.0,0.0,0.0,0.0,2.0,0.0,-1.0,0.0,1.0,0.0,1.0,0.0,1.0,0.0,0.0,0.0,0.0,0.0
336,0.0,-1.0,0.0,0.0,0.0,1.0,0.0,0.0,2.0,-1.0,0.0,0.0,0.0,0.0,0.0,0.0,-1.0,-1.0,0.0,-1.0,0.0,1.0,-3.0,0.0,0.0,-1.0,1.0,2.0,0.0,-1.0
337,0.0,0.0,-1.0,-4.0,-11.0,2.0,-1.0,0.0,3.0,1.0,-1.0,2.0,6.0,0.0,2.0,3.0,-4.0,7.0,-1.0,4.0,-1.0,3.0,0.0,0.0,-6.0,-5.0,-1.0,-4.0,1.0,1.0
338,-1.0,0.0,-4.0,-1.0,4.0,0.0,-1.0,2.0,-2.0,4.0,-5.0,-1.0,3.0,-1.0,0.0,-2.0,-1.0,0.0,0.0,-1.0,-2.0,1.0,3.0,2.0,0.0,-1.0,0.0,2.0,-1.0,-1.0
339,0.0,0.0,-3.0,-1.0,0.0,-1.0,-1.0,0.0,-1.0,0.0,-2.0,-2.0,-1.0,2.0,0.0,0.0,2.0,-3.0,4.0,1.0,2.0,3.0,5.0,3.0,-2.0,-4.0,1.0,3.0,1.0,-4.0
340,-4.0,5.0,2.0,-5.0,5.0,-2.0,-9.0,2.0,6.0,1.0,-5.0,4.0,-2.0,-3.0,0.0,-4.0,-2.0,-1.0,5.0,-3.0,-3.0,2.0,2.0,-3.0,-4.0,-4.0,5.0,9.0,2.0,0.0
341,0.0,0.0,0.0,0.0,0.0,0.0,0.0,0.0,0.0,0.0,0.0,0.0,0.0,0.0,0.0,0.0,0.0,0.0,0.0,0.0,0.0,0.0,0.0,0.0,0.0,2.0,0.0,0.0,0.0,0.0
342,1.0,6.0,0.0,1.0,0.0,5.0,2.0,2.0,0.0,-3.0,2.0,0.0,-2.0,4.0,0.0,2.0,0.0,0.0,-1.0,2.0,4.0,-1.0,1.0,2.0,-3.0,-1.0,-5.0,-1.0,0.0,5.0
343,1.0,1.0,-2.0,0.0,3.0,0.0,-4.0,2.0,-1.0,3.0,-1.0,-2.0,1.0,0.0,0.0,-1.0,-1.0,-2.0,-1.0,-2.0,1.0,1.0,-2.0,-1.0,1.0,-1.0,0.0,1.0,0.0,3.0
344,2.0,-4.0,-3.0,-2.0,0.0,0.0,5.0,-2.0,-2.0,0.0,1.0,3.0,2.0,5.0,-1.0,0.0,6.0,-4.0,1.0,3.0,3.0,2.0,0.0,3.0,-1.0,-2.0,2.0,-6.0,-2.0,5.0
345,1.0,2.0,-1.0,2.0,1.0,1.0,1.0,-1.0,0.0,2.0,2.0,-5.0,1.0,1.0,0.0,-1.0,0.0,2.0,0.0,0.0,0.0,-4.0,-1.0,0.0,1.0,-2.0,-3.0,2.0,-1.0,2.0
346,-1.0,-3.0,-2.0,-2.0,2.0,1.0,1.0,-2.0,1.0,-1.0,5.0,1.0,1.0,0.0,1.0,0.0,1.0,3.0,1.0,-2.0,0.0,2.0,-3.0,0.0,2.0,-3.0,1.0,0.0,0.0,2.0
347,0.0,5.0,1.0,0.0,-5.0,2.0,1.0,3.0,-2.0,6.0,-4.0,0.0,-1.0,0.0,0.0,1.0,-1.0,0.0,2.0,2.0,2.0,0.0,2.0,1.0,1.0,2.0,1.0,6.0,-2.0,-1.0
348,0.0,0.0,1.0,0.0,-1.0,0.0,0.0,0.0,1.0,1.0,0.0,0.0,1.0,0.0,2.0,-1.0,0.0,0.0,1.0,0.0,-2.0,-1.0,0.0,0.0,0.0,-2.0,0.0,1.0,1.0,0.0
349,-1.0,-3.0,0.0,0.0,0.0,-2.0,-2.0,-2.0,1.0,0.0,-8.0,5.0,1.0,-2.0,1.0,0.0,1.0,-11.0,4.0,-2.0,2.0,-2.0,5.0,-2.0,-1.0,1.0,-4.0,-6.0,3.0,-2.0
350,-4.0,1.0,-2.0,0.0,-2.0,4.0,-1.0,-2.0,-3.0,5.0,-1.0,-5.0,-2.0,2.0,1.0,-1.0,0.0,-4.0,-3.0,-1.0,2.0,-2.0,-1.0,3.0,2.0,5.0,0.0,4.0,-1.0,1.0
351,0.0,-1.0,-3.0,0.0,-2.0,1.0,4.0,-1.0,-2.0,1.0,2.0,1.0,1.0,-1.0,0.0,1.0,1.0,2.0,-2.0,0.0,0.0,0.0,0.0,1.0,0.0,1.0,3.0,-2.0,0.0,0.0
352,0.0,1.0,0.0,0.0,0.0,0.0,0.0,2.0,0.0,0.0,0.0,0.0,1.0,0.0,0.0,0.0,0.0,0.0,1.0,0.0,1.0,0.0,0.0,0.0,0.0,4.0,-2.0,1.0,0.0,-1.0
353,0.0,0.0,1.0,1.0,1.0,0.0,-4.0,0.0,0.0,0.0,1.0,-4.0,0.0,0.0,2.0,0.0,1.0,0.0,0.0,0.0,1.0,0.0,0.0,0.0,0.0,0.0,0.0,0.0,0.0,0.0
354,-3.0,1.0,0.0,1.0,0.0,-1.0,-4.0,0.0,4.0,0.0,1.0,0.0,1.0,1.0,2.0,-3.0,0.0,-1.0,1.0,2.0,0.0,1.0,-2.0,2.0,2.0,-2.0,1.0,3.0,-1.0,2.0
355,0.0,0.0,0.0,0.0,0.0,1.0,3.0,0.0,0.0,0.0,0.0,0.0,-1.0,0.0,-1.0,0.0,0.0,0.0,1.0,0.0,0.0,2.0,0.0,1.0,0.0,1.0,0.0,-1.0,0.0,0.0
356,0.0,0.0,0.0,0.0,1.0,1.0,0.0,1.0,0.0,0.0,0.0,0.0,0.0,0.0,0.0,0.0,0.0,0.0,0.0,0.0,0.0,2.0,0.0,0.0,0.0,0.0,1.0,0.0,0.0,0.0
359,6.0,0.0,8.0,-3.0,-1.0,-3.0,7.0,-3.0,0.0,5.0,0.0,2.0,1.0,-2.0,1.0,-1.0,1.0,0.0,-7.0,-5.0,-4.0,-2.0,1.0,3.0,-4.0,2.0,-2.0,5.0,0.0,-2.0
364,-2.0,-1.0,0.0,-4.0,0.0,-3.0,-2.0,0.0,1.0,1.0,2.0,-1.0,2.0,0.0,-2.0,-1.0,-1.0,-1.0,-2.0,0.0,-2.0,0.0,-1.0,2.0,0.0,1.0,1.0,-1.0,0.0,6.0
365,0.0,4.0,1.0,2.0,-1.0,0.0,2.0,-1.0,0.0,0.0,1.0,4.0,0.0,0.0,1.0,0.0,1.0,2.0,-2.0,2.0,0.0,-1.0,-2.0,1.0,0.0,-3.0,0.0,0.0,0.0,0.0
366,1.0,0.0,1.0,1.0,0.0,1.0,0.0,0.0,0.0,2.0,0.0,0.0,0.0,0.0,0.0,1.0,0.0,1.0,2.0,0.0,-1.0,-2.0,0.0,0.0,1.0,-4.0,0.0,1.0,0.0,2.0
367,0.0,1.0,0.0,0.0,-1.0,0.0,2.0,0.0,-1.0,0.0,0.0,1.0,1.0,0.0,0.0,0.0,0.0,3.0,1.0,1.0,0.0,0.0,-1.0,0.0,0.0,1.0,0.0,0.0,0.0,0.0
368,1.0,0.0,0.0,1.0,0.0,0.0,0.0,0.0,0.0,0.0,1.0,0.0,0.0,0.0,0.0,2.0,0.0,0.0,0.0,2.0,0.0,0.0,0.0,0.0,0.0,0.0,0.0,-1.0,0.0,0.0
369,0.0,0.0,0.0,1.0,0.0,0.0,0.0,0.0,0.0,0.0,-1.0,1.0,1.0,0.0,0.0,0.0,0.0,0.0,0.0,0.0,2.0,0.0,0.0,0.0,0.0,-1.0,0.0,1.0,0.0,-1.0
370,3.0,0.0,1.0,0.0,0.0,0.0,-5.0,-2.0,2.0,0.0,2.0,-3.0,1.0,0.0,1.0,0.0,0.0,-1.0,1.0,0.0,-1.0,0.0,0.0,1.0,0.0,-2.0,1.0,2.0,0.0,0.0
373,-1.0,-1.0,0.0,0.0,-1.0,-1.0,2.0,-1.0,-2.0,1.0,-1.0,0.0,1.0,0.0,-1.0,0.0,0.0,-2.0,-4.0,-1.0,-1.0,-1.0,0.0,-1.0,0.0,-2.0,0.0,0.0,-2.0,-1.0
374,-3.0,-1.0,1.0,-2.0,0.0,4.0,0.0,-1.0,0.0,-3.0,-1.0,3.0,1.0,0.0,2.0,1.0,0.0,-1.0,2.0,-2.0,2.0,-1.0,-1.0,2.0,1.0,-4.0,0.0,4.0,1.0,0.0
375,0.0,0.0,0.0,0.0,0.0,1.0,0.0,0.0,1.0,0.0,0.0,0.0,0.0,0.0,0.0,0.0,0.0,1.0,1.0,0.0,1.0,1.0,0.0,0.0,0.0,1.0,0.0,0.0,0.0,0.0
376,1.0,2.0,2.0,0.0,0.0,2.0,0.0,2.0,0.0,1.0,5.0,1.0,2.0,0.0,0.0,-1.0,0.0,1.0,-2.0,3.0,0.0,1.0,0.0,0.0,0.0,-1.0,1.0,2.0,0.0,1.0
377,1.0,-2.0,1.0,1.0,-1.0,-1.0,-2.0,3.0,0.0,-1.0,-2.0,1.0,0.0,0.0,-1.0,0.0,-3.0,1.0,2.0,0.0,0.0,0.0,-1.0,0.0,0.0,2.0,-2.0,-3.0,0.0,0.0
378,-1.0,0.0,1.0,0.0,1.0,0.0,0.0,1.0,0.0,0.0,0.0,2.0,0.0,0.0,0.0,0.0,0.0,0.0,-2.0,0.0,0.0,0.0,0.0,0.0,0.0,-1.0,0.0,0.0,0.0,1.0
381,0.0,2.0,-3.0,0.0,0.0,-1.0,2.0,-1.0,-1.0,0.0,0.0,2.0,0.0,0.0,0.0,1.0,0.0,-1.0,0.0,-1.0,0.0,-1.0,0.0,0.0,0.0,-1.0,0.0,-2.0,0.0,0.0
382,-1.0,0.0,-1.0,0.0,2.0,0.0,-2.0,-5.0,-2.0,3.0,-2.0,0.0,-1.0,0.0,0.0,0.0,-1.0,-1.0,0.0,-4.0,-2.0,-1.0,-3.0,0.0,1.0,2.0,-2.0,-6.0,0.0,-2.0
383,0.0,2.0,1.0,1.0,-2.0,2.0,2.0,0.0,0.0,0.0,-1.0,0.0,2.0,1.0,0.0,3.0,3.0,3.0,2.0,3.0,2.0,3.0,1.0,0.0,0.0,-2.0,4.0,3.0,2.0,5.0
384,0.0,0.0,0.0,0.0,0.0,0.0,0.0,1.0,0.0,0.0,0.0,0.0,0.0,1.0,0.0,0.0,0.0,0.0,0.0,1.0,0.0,0.0,0.0,0.0,0.0,0.0,0.0,0.0,0.0,0.0
385,0.0,0.0,0.0,0.0,1.0,0.0,0.0,0.0,0.0,0.0,0.0,2.0,0.0,0.0,0.0,0.0,0.0,0.0,1.0,0.0,0.0,0.0,0.0,0.0,1.0,0.0,0.0,0.0,0.0,1.0
386,0.0,0.0,0.0,0.0,0.0,0.0,0.0,0.0,0.0,0.0,0.0,0.0,0.0,0.0,0.0,0.0,0.0,0.0,0.0,0.0,0.0,0.0,0.0,0.0,0.0,0.0,0.0,0.0,1.0,0.0
388,0.0,0.0,0.0,0.0,0.0,0.0,0.0,4.0,0.0,1.0,0.0,0.0,0.0,0.0,0.0,1.0,1.0,0.0,1.0,0.0,0.0,0.0,0.0,0.0,0.0,0.0,0.0,0.0,0.0,0.0
390,0.0,0.0,0.0,-2.0,0.0,0.0,1.0,0.0,-1.0,0.0,0.0,0.0,0.0,0.0,0.0,0.0,0.0,0.0,0.0,0.0,0.0,0.0,0.0,0.0,0.0,-1.0,0.0,0.0,0.0,-1.0
391,0.0,0.0,0.0,0.0,0.0,0.0,0.0,0.0,0.0,0.0,0.0,0.0,0.0,0.0,0.0,0.0,0.0,0.0,0.0,0.0,0.0,0.0,0.0,0.0,0.0,0.0,0.0,0.0,0.0,0.0
392,0.0,0.0,0.0,0.0,1.0,0.0,1.0,0.0,0.0,0.0,0.0,0.0,0.0,0.0,0.0,0.0,1.0,0.0,0.0,0.0,0.0,0.0,0.0,1.0,0.0,0.0,0.0,0.0,0.0,0.0
393,0.0,0.0,0.0,0.0,0.0,0.0,0.0,1.0,0.0,0.0,0.0,1.0,0.0,0.0,0.0,0.0,0.0,3.0,0.0,0.0,0.0,0.0,0.0,0.0,0.0,0.0,0.0,0.0,0.0,0.0
394,0.0,0.0,-1.0,-1.0,-2.0,0.0,-2.0,2.0,0.0,1.0,1.0,0.0,-1.0,1.0,-1.0,-1.0,1.0,4.0,4.0,-6.0,-2.0,2.0,-1.0,2.0,4.0,4.0,0.0,3.0,-1.0,-2.0
395,0.0,0.0,0.0,0.0,0.0,0.0,3.0,0.0,0.0,0.0,1.0,0.0,0.0,0.0,0.0,0.0,0.0,0.0,0.0,0.0,0.0,0.0,0.0,0.0,1.0,0.0,0.0,0.0,0.0,0.0
396,1.0,0.0,0.0,0.0,0.0,0.0,0.0,0.0,0.0,0.0,0.0,0.0,0.0,0.0,0.0,0.0,0.0,0.0,0.0,0.0,0.0,0.0,0.0,0.0,0.0,0.0,0.0,0.0,0.0,0.0
398,0.0,0.0,0.0,0.0,0.0,0.0,0.0,0.0,0.0,0.0,0.0,0.0,0.0,0.0,0.0,0.0,0.0,0.0,0.0,0.0,0.0,0.0,0.0,0.0,0.0,0.0,0.0,0.0,0.0,0.0
399,0.0,0.0,0.0,0.0,0.0,0.0,-1.0,0.0,0.0,0.0,0.0,0.0,0.0,0.0,0.0,0.0,0.0,0.0,0.0,0.0,0.0,0.0,0.0,0.0,0.0,3.0,0.0,0.0,0.0,0.0
400,0.0,0.0,0.0,0.0,0.0,0.0,0.0,0.0,0.0,0.0,0.0,0.0,2.0,0.0,0.0,0.0,0.0,0.0,0.0,0.0,0.0,0.0,0.0,0.0,0.0,0.0,4.0,0.0,0.0,0.0
401,0.0,0.0,1.0,0.0,0.0,0.0,1.0,0.0,0.0,0.0,0.0,0.0,0.0,0.0,0.0,0.0,0.0,0.0,0.0,0.0,0.0,1.0,0.0,0.0,0.0,0.0,0.0,1.0,0.0,0.0
402,1.0,1.0,1.0,1.0,0.0,0.0,-2.0,1.0,1.0,0.0,1.0,0.0,0.0,1.0,0.0,0.0,0.0,0.0,-1.0,0.0,0.0,0.0,0.0,0.0,-3.0,1.0,0.0,-1.0,0.0,2.0
403,1.0,-1.0,0.0,0.0,0.0,1.0,2.0,0.0,0.0,0.0,1.0,0.0,0.0,0.0,0.0,0.0,0.0,0.0,1.0,0.0,0.0,0.0,0.0,0.0,0.0,1.0,0.0,0.0,0.0,0.0
405,0.0,1.0,0.0,0.0,0.0,0.0,0.0,0.0,0.0,0.0,0.0,0.0,0.0,0.0,0.0,0.0,0.0,0.0,-1.0,0.0,0.0,0.0,1.0,0.0,0.0,2.0,0.0,0.0,0.0,-1.0
406,0.0,0.0,1.0,1.0,1.0,1.0,0.0,1.0,0.0,0.0,0.0,-1.0,0.0,0.0,0.0,0.0,0.0,1.0,0.0,1.0,0.0,0.0,1.0,0.0,0.0,0.0,0.0,1.0,0.0,0.0
407,0.0,0.0,0.0,-1.0,0.0,0.0,0.0,-1.0,0.0,0.0,0.0,0.0,0.0,0.0,0.0,0.0,0.0,0.0,0.0,0.0,1.0,1.0,0.0,0.0,1.0,0.0,0.0,-2.0,0.0,0.0
408,2.0,0.0,0.0,0.0,0.0,0.0,0.0,0.0,0.0,0.0,0.0,0.0,0.0,0.0,0.0,0.0,0.0,0.0,0.0,0.0,1.0,0.0,0.0,0.0,0.0,0.0,0.0,0.0,0.0,0.0
409,0.0,0.0,0.0,0.0,0.0,0.0,0.0,0.0,1.0,0.0,0.0,0.0,0.0,0.0,0.0,0.0,1.0,0.0,0.0,0.0,0.0,0.0,0.0,0.0,0.0,0.0,0.0,0.0,0.0,0.0
410,0.0,-1.0,0.0,0.0,-1.0,1.0,0.0,0.0,0.0,0.0,0.0,0.0,0.0,0.0,0.0,0.0,1.0,1.0,-2.0,-2.0,0.0,1.0,0.0,1.0,0.0,0.0,-2.0,0.0,0.0,2.0
411,0.0,0.0,0.0,0.0,0.0,1.0,0.0,-2.0,0.0,0.0,0.0,0.0,0.0,0.0,0.0,0.0,0.0,1.0,0.0,-2.0,0.0,1.0,0.0,0.0,0.0,0.0,0.0,0.0,0.0,0.0
412,0.0,0.0,0.0,0.0,0.0,1.0,0.0,0.0,0.0,0.0,0.0,0.0,0.0,0.0,1.0,0.0,1.0,0.0,0.0,1.0,0.0,0.0,0.0,1.0,1.0,0.0,0.0,0.0,0.0,0.0
413,0.0,1.0,1.0,0.0,0.0,1.0,-3.0,0.0,-1.0,0.0,-1.0,0.0,-1.0,0.0,0.0,1.0,1.0,-1.0,1.0,0.0,1.0,0.0,0.0,0.0,0.0,1.0,0.0,0.0,0.0,-1.0
414,-1.0,2.0,-2.0,0.0,1.0,2.0,0.0,1.0,0.0,0.0,-1.0,0.0,-2.0,-1.0,0.0,1.0,0.0,-1.0,-1.0,0.0,-2.0,2.0,0.0,0.0,0.0,1.0,1.0,0.0,0.0,1.0
415,0.0,0.0,1.0,0.0,0.0,0.0,0.0,0.0,0.0,0.0,0.0,0.0,0.0,0.0,0.0,0.0,0.0,0.0,1.0,-1.0,0.0,0.0,0.0,0.0,0.0,0.0,2.0,0.0,0.0,1.0
416,0.0,0.0,0.0,0.0,-1.0,0.0,0.0,2.0,0.0,1.0,1.0,1.0,1.0,0.0,0.0,0.0,0.0,0.0,0.0,0.0,1.0,0.0,1.0,0.0,0.0,1.0,-1.0,0.0,0.0,0.0
417,1.0,0.0,0.0,2.0,1.0,2.0,-1.0,4.0,-3.0,-4.0,0.0,2.0,-1.0,1.0,-2.0,0.0,0.0,2.0,2.0,1.0,3.0,-2.0,1.0,1.0,1.0,4.0,1.0,2.0,0.0,2.0
418,0.0,0.0,1.0,2.0,1.0,-1.0,1.0,0.0,-2.0,2.0,1.0,3.0,-3.0,-1.0,2.0,2.0,1.0,1.0,3.0,1.0,2.0,0.0,0.0,-1.0,0.0,1.0,-1.0,-1.0,0.0,3.0
419,-3.0,1.0,1.0,1.0,0.0,0.0,2.0,0.0,0.0,-1.0,1.0,0.0,0.0,1.0,0.0,0.0,0.0,-1.0,0.0,0.0,0.0,1.0,1.0,0.0,0.0,3.0,-2.0,2.0,0.0,0.0
420,-1.0,0.0,0.0,0.0,-2.0,2.0,-3.0,0.0,0.0,0.0,-1.0,0.0,-2.0,-2.0,0.0,0.0,-2.0,0.0,-1.0,-1.0,0.0,1.0,0.0,0.0,0.0,4.0,-1.0,-3.0,0.0,0.0
421,0.0,1.0,0.0,0.0,0.0,0.0,0.0,0.0,0.0,0.0,2.0,0.0,0.0,0.0,0.0,0.0,0.0,0.0,0.0,0.0,0.0,0.0,0.0,-1.0,0.0,1.0,0.0,0.0,0.0,0.0
422,-1.0,1.0,0.0,0.0,0.0,0.0,-2.0,0.0,0.0,0.0,-1.0,3.0,0.0,0.0,0.0,0.0,0.0,-2.0,1.0,0.0,-1.0,0.0,0.0,0.0,0.0,0.0,0.0,0.0,0.0,0.0
423,2.0,-1.0,-1.0,1.0,-1.0,-1.0,4.0,2.0,-1.0,0.0,0.0,2.0,0.0,0.0,0.0,0.0,1.0,-2.0,1.0,-2.0,2.0,3.0,-2.0,-1.0,-1.0,0.0,0.0,-1.0,0.0,0.0
424,1.0,1.0,-4.0,1.0,3.0,0.0,-3.0,0.0,0.0,0.0,-1.0,0.0,0.0,-1.0,1.0,1.0,1.0,-4.0,0.0,1.0,1.0,2.0,1.0,0.0,0.0,1.0,-3.0,-2.0,0.0,0.0
425,0.0,-2.0,1.0,0.0,0.0,0.0,0.0,0.0,0.0,0.0,1.0,2.0,-1.0,1.0,0.0,0.0,0.0,0.0,1.0,1.0,0.0,0.0,0.0,1.0,0.0,0.0,3.0,2.0,0.0,1.0
426,0.0,2.0,0.0,0.0,1.0,-2.0,2.0,-1.0,1.0,1.0,0.0,-4.0,0.0,1.0,0.0,0.0,1.0,0.0,0.0,-3.0,-2.0,0.0,1.0,1.0,0.0,-3.0,-1.0,0.0,0.0,0.0
427,0.0,1.0,0.0,0.0,0.0,0.0,0.0,0.0,0.0,0.0,0.0,-1.0,0.0,0.0,0.0,0.0,0.0,0.0,0.0,0.0,0.0,1.0,0.0,1.0,0.0,-1.0,0.0,0.0,0.0,0.0
428,0.0,0.0,0.0,0.0,0.0,0.0,0.0,0.0,1.0,0.0,0.0,0.0,0.0,0.0,0.0,0.0,0.0,0.0,0.0,0.0,0.0,0.0,0.0,2.0,0.0,0.0,0.0,0.0,0.0,0.0
429,0.0,0.0,0.0,0.0,0.0,0.0,0.0,0.0,1.0,-1.0,2.0,0.0,0.0,0.0,1.0,1.0,0.0,0.0,0.0,0.0,0.0,0.0,0.0,0.0,0.0,0.0,0.0,0.0,0.0,0.0
430,1.0,0.0,0.0,0.0,0.0,0.0,0.0,0.0,1.0,1.0,0.0,1.0,1.0,0.0,0.0,0.0,0.0,1.0,0.0,0.0,0.0,0.0,0.0,1.0,0.0,2.0,0.0,0.0,0.0,0.0
431,0.0,0.0,0.0,2.0,0.0,0.0,0.0,0.0,0.0,0.0,0.0,0.0,0.0,0.0,1.0,0.0,0.0,0.0,0.0,0.0,0.0,0.0,0.0,0.0,0.0,0.0,0.0,0.0,0.0,1.0
432,1.0,-3.0,0.0,0.0,1.0,0.0,2.0,1.0,2.0,-1.0,0.0,2.0,-1.0,0.0,0.0,3.0,1.0,1.0,-1.0,-1.0,0.0,-1.0,0.0,0.0,0.0,2.0,0.0,-1.0,0.0,0.0
433,0.0,0.0,0.0,1.0,0.0,0.0,0.0,0.0,0.0,0.0,0.0,0.0,0.0,0.0,0.0,0.0,0.0,0.0,0.0,0.0,0.0,0.0,0.0,0.0,0.0,0.0,0.0,0.0,0.0,0.0
434,3.0,3.0,0.0,1.0,2.0,2.0,2.0,1.0,2.0,0.0,1.0,-1.0,1.0,0.0,0.0,1.0,0.0,3.0,-3.0,0.0,0.0,-5.0,4.0,1.0,0.0,0.0,0.0,2.0,0.0,-1.0
435,0.0,0.0,0.0,1.0,0.0,0.0,0.0,0.0,0.0,0.0,0.0,0.0,0.0,0.0,0.0,0.0,0.0,0.0,0.0,0.0,0.0,0.0,0.0,0.0,0.0,0.0,0.0,0.0,0.0,0.0
436,0.0,0.0,0.0,0.0,0.0,0.0,1.0,0.0,0.0,0.0,1.0,0.0,2.0,0.0,0.0,0.0,0.0,0.0,0.0,0.0,0.0,0.0,0.0,0.0,0.0,0.0,0.0,0.0,0.0,0.0
437,0.0,0.0,1.0,1.0,1.0,1.0,0.0,0.0,0.0,0.0,0.0,1.0,0.0,0.0,1.0,0.0,1.0,0.0,0.0,0.0,-1.0,0.0,0.0,0.0,0.0,2.0,0.0,0.0,0.0,0.0
438,0.0,0.0,2.0,0.0,0.0,1.0,0.0,0.0,1.0,0.0,0.0,0.0,0.0,0.0,0.0,0.0,0.0,0.0,0.0,0.0,0.0,0.0,1.0,0.0,0.0,0.0,0.0,0.0,0.0,0.0
439,0.0,1.0,0.0,0.0,0.0,0.0,1.0,0.0,0.0,0.0,0.0,0.0,0.0,1.0,0.0,1.0,0.0,0.0,1.0,0.0,2.0,1.0,0.0,1.0,2.0,2.0,1.0,-1.0,0.0,0.0
440,0.0,0.0,0.0,0.0,0.0,0.0,2.0,0.0,0.0,0.0,0.0,0.0,0.0,0.0,0.0,0.0,0.0,0.0,0.0,0.0,0.0,0.0,0.0,0.0,0.0,0.0,0.0,0.0,0.0,0.0
441,0.0,0.0,0.0,0.0,0.0,0.0,0.0,0.0,0.0,0.0,0.0,0.0,0.0,0.0,0.0,0.0,0.0,0.0,0.0,0.0,1.0,1.0,1.0,0.0,0.0,0.0,0.0,0.0,1.0,1.0
442,0.0,1.0,0.0,0.0,1.0,0.0,4.0,-2.0,2.0,0.0,1.0,0.0,0.0,1.0,0.0,0.0,-1.0,0.0,-2.0,0.0,0.0,-2.0,-1.0,0.0,0.0,0.0,-1.0,0.0,0.0,0.0
443,0.0,0.0,0.0,0.0,1.0,0.0,-2.0,1.0,0.0,0.0,0.0,0.0,0.0,0.0,0.0,0.0,0.0,0.0,1.0,1.0,0.0,0.0,0.0,0.0,0.0,1.0,0.0,0.0,0.0,0.0
444,0.0,0.0,0.0,0.0,0.0,1.0,0.0,0.0,-1.0,0.0,0.0,0.0,0.0,0.0,0.0,0.0,0.0,0.0,0.0,0.0,0.0,0.0,0.0,0.0,0.0,0.0,0.0,1.0,0.0,0.0
445,0.0,0.0,0.0,0.0,0.0,0.0,0.0,0.0,0.0,0.0,0.0,0.0,0.0,0.0,0.0,0.0,0.0,0.0,0.0,0.0,1.0,1.0,0.0,0.0,0.0,0.0,0.0,0.0,0.0,0.0
446,2.0,1.0,0.0,2.0,2.0,0.0,-3.0,0.0,0.0,1.0,1.0,0.0,0.0,0.0,0.0,0.0,0.0,1.0,1.0,1.0,0.0,0.0,-1.0,0.0,0.0,0.0,2.0,1.0,1.0,1.0
447,1.0,0.0,4.0,0.0,0.0,-2.0,0.0,0.0,0.0,-1.0,1.0,0.0,-1.0,1.0,-2.0,-2.0,1.0,2.0,3.0,-2.0,4.0,1.0,3.0,2.0,-2.0,0.0,-1.0,1.0,2.0,-1.0
448,1.0,-1.0,-1.0,1.0,0.0,-1.0,2.0,0.0,-2.0,0.0,-1.0,-2.0,0.0,-2.0,1.0,0.0,0.0,-1.0,2.0,0.0,0.0,1.0,1.0,1.0,0.0,0.0,0.0,0.0,0.0,-2.0
449,-1.0,1.0,0.0,0.0,0.0,0.0,3.0,0.0,0.0,0.0,0.0,-1.0,0.0,0.0,0.0,0.0,0.0,2.0,0.0,-1.0,0.0,0.0,0.0,-1.0,0.0,-1.0,0.0,3.0,0.0,2.0
450,-1.0,0.0,3.0,0.0,0.0,0.0,1.0,0.0,0.0,0.0,2.0,0.0,1.0,1.0,0.0,-1.0,1.0,-1.0,0.0,0.0,2.0,0.0,0.0,0.0,0.0,2.0,0.0,0.0,0.0,0.0
451,0.0,1.0,-1.0,1.0,1.0,-1.0,2.0,0.0,0.0,-2.0,0.0,2.0,-1.0,0.0,-2.0,3.0,0.0,-2.0,0.0,0.0,-2.0,-1.0,-3.0,1.0,0.0,1.0,0.0,-6.0,0.0,4.0
452,1.0,-2.0,1.0,0.0,0.0,1.0,0.0,1.0,0.0,0.0,0.0,1.0,0.0,0.0,0.0,1.0,0.0,-2.0,2.0,1.0,0.0,0.0,1.0,1.0,0.0,1.0,0.0,-1.0,0.0,-1.0
453,0.0,0.0,1.0,-1.0,0.0,1.0,0.0,-2.0,1.0,-2.0,-1.0,0.0,-2.0,-1.0,0.0,0.0,0.0,-2.0,-3.0,-1.0,0.0,0.0,0.0,0.0,0.0,-2.0,1.0,1.0,0.0,0.0
454,1.0,1.0,-4.0,-1.0,1.0,0.0,6.0,-3.0,-1.0,-4.0,2.0,-2.0,3.0,-1.0,0.0,3.0,2.0,1.0,3.0,-3.0,2.0,0.0,2.0,-2.0,1.0,0.0,1.0,2.0,1.0,-1.0
455,0.0,0.0,0.0,0.0,1.0,0.0,0.0,0.0,0.0,0.0,0.0,2.0,-1.0,0.0,0.0,0.0,0.0,0.0,0.0,0.0,0.0,0.0,0.0,0.0,0.0,-2.0,1.0,0.0,0.0,0.0
456,0.0,0.0,-1.0,0.0,0.0,0.0,-1.0,0.0,0.0,0.0,-1.0,2.0,1.0,-1.0,0.0,0.0,0.0,2.0,0.0,-1.0,1.0,0.0,-1.0,0.0,0.0,0.0,-1.0,0.0,0.0,0.0
457,2.0,2.0,0.0,-2.0,0.0,1.0,1.0,1.0,1.0,2.0,1.0,1.0,0.0,-1.0,2.0,-2.0,1.0,2.0,4.0,1.0,0.0,0.0,1.0,3.0,1.0,-4.0,-2.0,-2.0,0.0,3.0
458,0.0,-4.0,-1.0,-2.0,0.0,1.0,-6.0,-3.0,0.0,2.0,-1.0,1.0,-2.0,-2.0,1.0,-1.0,-1.0,-7.0,-1.0,-4.0,-1.0,0.0,1.0,0.0,1.0,2.0,-2.0,-2.0,0.0,-1.0
459,1.0,0.0,0.0,0.0,2.0,0.0,-1.0,0.0,0.0,-2.0,-1.0,0.0,0.0,1.0,-3.0,-1.0,0.0,-1.0,-2.0,-1.0,0.0,0.0,1.0,-2.0,0.0,-2.0,0.0,0.0,0.0,0.0
460,1.0,0.0,0.0,3.0,-1.0,1.0,-2.0,0.0,-2.0,6.0,2.0,2.0,0.0,3.0,0.0,1.0,-1.0,3.0,-4.0,1.0,-2.0,1.0,-2.0,1.0,1.0,0.0,-3.0,3.0,0.0,-1.0
461,1.0,2.0,-1.0,3.0,4.0,0.0,6.0,0.0,1.0,0.0,2.0,5.0,1.0,2.0,3.0,3.0,-2.0,3.0,-3.0,1.0,2.0,3.0,4.0,2.0,-2.0,5.0,0.0,2.0,0.0,5.0
462,0.0,0.0,-1.0,1.0,-1.0,-1.0,0.0,-1.0,1.0,0.0,1.0,-1.0,2.0,1.0,2.0,0.0,0.0,2.0,0.0,-1.0,0.0,0.0,0.0,0.0,0.0,3.0,0.0,-1.0,0.0,0.0
463,3.0,-1.0,4.0,-2.0,2.0,0.0,1.0,0.0,0.0,-2.0,-1.0,-1.0,0.0,7.0,1.0,0.0,0.0,0.0,4.0,1.0,1.0,4.0,1.0,2.0,-1.0,1.0,-1.0,3.0,1.0,-1.0
464,0.0,1.0,3.0,0.0,1.0,1.0,0.0,2.0,0.0,-1.0,-2.0,2.0,0.0,-1.0,0.0,1.0,0.0,0.0,-1.0,-3.0,0.0,2.0,1.0,0.0,2.0,2.0,3.0,2.0,1.0,1.0
465,-2.0,-2.0,1.0,0.0,3.0,1.0,1.0,-1.0,-1.0,-2.0,4.0,1.0,0.0,-1.0,1.0,1.0,-1.0,0.0,-2.0,1.0,3.0,-2.0,3.0,-3.0,0.0,5.0,-1.0,2.0,2.0,-2.0
466,0.0,1.0,0.0,0.0,0.0,0.0,1.0,0.0,0.0,0.0,2.0,0.0,0.0,0.0,0.0,2.0,0.0,0.0,0.0,-3.0,2.0,0.0,0.0,0.0,1.0,0.0,0.0,0.0,0.0,1.0
467,2.0,1.0,1.0,0.0,0.0,2.0,-2.0,-1.0,0.0,1.0,1.0,0.0,2.0,0.0,1.0,2.0,0.0,1.0,1.0,0.0,0.0,-2.0,0.0,1.0,0.0,1.0,0.0,-1.0,0.0,1.0
468,0.0,0.0,-1.0,0.0,0.0,0.0,0.0,0.0,0.0,0.0,3.0,0.0,0.0,0.0,0.0,0.0,0.0,0.0,0.0,0.0,0.0,0.0,0.0,0.0,0.0,-1.0,0.0,0.0,0.0,0.0
469,0.0,0.0,-1.0,0.0,0.0,1.0,1.0,-1.0,0.0,-1.0,3.0,0.0,0.0,0.0,0.0,0.0,0.0,-1.0,-5.0,0.0,0.0,0.0,0.0,0.0,0.0,1.0,0.0,0.0,0.0,-1.0
470,0.0,0.0,3.0,0.0,-2.0,0.0,0.0,1.0,0.0,1.0,0.0,0.0,0.0,0.0,0.0,0.0,0.0,-2.0,1.0,0.0,1.0,0.0,0.0,0.0,1.0,2.0,-2.0,0.0,1.0,0.0
471,0.0,-1.0,2.0,0.0,1.0,0.0,2.0,-1.0,0.0,0.0,-1.0,0.0,0.0,-1.0,1.0,0.0,0.0,1.0,-3.0,0.0,2.0,0.0,0.0,1.0,0.0,-1.0,0.0,1.0,0.0,0.0
472,0.0,1.0,0.0,1.0,1.0,0.0,-1.0,0.0,0.0,0.0,0.0,0.0,0.0,0.0,0.0,1.0,0.0,0.0,3.0,-1.0,-3.0,0.0,0.0,1.0,0.0,-1.0,-1.0,0.0,1.0,-1.0
474,0.0,1.0,1.0,0.0,0.0,0.0,-1.0,0.0,-1.0,0.0,2.0,0.0,0.0,1.0,0.0,0.0,0.0,-4.0,0.0,-2.0,0.0,1.0,0.0,0.0,1.0,2.0,1.0,0.0,0.0,0.0
475,-1.0,0.0,-3.0,-1.0,-1.0,0.0,-2.0,3.0,0.0,-1.0,0.0,-2.0,1.0,0.0,0.0,-1.0,0.0,4.0,-4.0,2.0,-1.0,0.0,1.0,0.0,2.0,6.0,0.0,0.0,0.0,0.0
476,1.0,0.0,-4.0,-2.0,1.0,0.0,-3.0,0.0,0.0,0.0,0.0,-3.0,0.0,0.0,1.0,2.0,1.0,1.0,-3.0,-1.0,-1.0,0.0,4.0,1.0,1.0,1.0,0.0,-1.0,0.0,0.0
477,-1.0,0.0,-4.0,3.0,-2.0,-2.0,-2.0,-1.0,-1.0,0.0,0.0,0.0,-1.0,1.0,-1.0,2.0,-1.0,2.0,0.0,2.0,1.0,0.0,0.0,0.0,0.0,-2.0,2.0,1.0,0.0,1.0
478,-1.0,-2.0,-2.0,0.0,-1.0,0.0,0.0,1.0,0.0,3.0,0.0,1.0,0.0,0.0,2.0,2.0,2.0,1.0,2.0,1.0,3.0,-1.0,2.0,3.0,4.0,4.0,0.0,2.0,1.0,3.0
479,0.0,0.0,2.0,1.0,0.0,0.0,3.0,0.0,0.0,1.0,1.0,1.0,2.0,0.0,0.0,0.0,0.0,1.0,-1.0,-1.0,1.0,0.0,0.0,0.0,0.0,-3.0,0.0,0.0,0.0,0.0
480,1.0,1.0,0.0,0.0,-2.0,1.0,-3.0,-1.0,0.0,0.0,2.0,0.0,1.0,1.0,1.0,-1.0,1.0,0.0,-2.0,-1.0,-1.0,0.0,0.0,1.0,-1.0,-1.0,1.0,-1.0,0.0,0.0
481,0.0,0.0,-1.0,1.0,0.0,1.0,0.0,2.0,0.0,2.0,4.0,-1.0,2.0,-2.0,1.0,-2.0,-1.0,1.0,1.0,1.0,-3.0,-2.0,-3.0,0.0,0.0,-1.0,-3.0,1.0,0.0,1.0
482,1.0,2.0,4.0,-1.0,-1.0,1.0,-1.0,1.0,0.0,2.0,0.0,0.0,0.0,0.0,0.0,2.0,0.0,0.0,1.0,-1.0,-1.0,0.0,-1.0,-3.0,0.0,3.0,-2.0,2.0,1.0,-2.0
483,0.0,0.0,0.0,0.0,0.0,0.0,0.0,0.0,0.0,1.0,-2.0,0.0,0.0,0.0,0.0,0.0,0.0,0.0,0.0,0.0,0.0,0.0,0.0,0.0,0.0,0.0,0.0,2.0,0.0,1.0
484,1.0,-2.0,-1.0,1.0,0.0,1.0,0.0,0.0,1.0,1.0,0.0,1.0,0.0,1.0,0.0,0.0,1.0,2.0,0.0,0.0,0.0,3.0,0.0,1.0,0.0,-1.0,0.0,0.0,0.0,-4.0
485,0.0,2.0,3.0,0.0,-1.0,3.0,0.0,0.0,0.0,-1.0,0.0,-1.0,1.0,-2.0,0.0,0.0,0.0,0.0,-2.0,2.0,0.0,0.0,1.0,0.0,0.0,2.0,-3.0,-2.0,0.0,-1.0
486,1.0,-3.0,1.0,-1.0,2.0,-1.0,0.0,0.0,0.0,0.0,-3.0,2.0,0.0,0.0,0.0,0.0,0.0,-2.0,2.0,-1.0,2.0,2.0,1.0,1.0,1.0,-1.0,1.0,1.0,0.0,1.0
487,0.0,0.0,1.0,0.0,-2.0,-1.0,1.0,-2.0,0.0,-4.0,3.0,2.0,0.0,0.0,0.0,0.0,0.0,-2.0,1.0,0.0,0.0,0.0,0.0,0.0,0.0,-1.0,2.0,-1.0,0.0,1.0
488,1.0,0.0,1.0,2.0,-1.0,0.0,0.0,0.0,1.0,1.0,0.0,2.0,0.0,0.0,0.0,1.0,0.0,2.0,1.0,2.0,0.0,0.0,0.0,1.0,0.0,0.0,1.0,-1.0,0.0,0.0
489,-1.0,1.0,0.0,0.0,1.0,-1.0,-1.0,4.0,0.0,-2.0,0.0,0.0,0.0,0.0,1.0,0.0,-1.0,0.0,1.0,0.0,0.0,-1.0,0.0,0.0,0.0,-4.0,0.0,1.0,0.0,3.0
490,1.0,0.0,0.0,1.0,0.0,0.0,0.0,-1.0,0.0,1.0,2.0,1.0,0.0,-2.0,0.0,-3.0,1.0,0.0,0.0,-1.0,-2.0,1.0,0.0,1.0,1.0,0.0,2.0,-3.0,0.0,0.0
491,0.0,3.0,0.0,1.0,2.0,1.0,0.0,0.0,0.0,1.0,3.0,1.0,1.0,0.0,1.0,1.0,0.0,0.0,6.0,-1.0,0.0,0.0,1.0,-1.0,1.0,3.0,0.0,-1.0,0.0,2.0
492,2.0,1.0,1.0,1.0,0.0,-1.0,1.0,0.0,0.0,1.0,-2.0,0.0,0.0,0.0,0.0,-1.0,0.0,3.0,1.0,-1.0,5.0,0.0,0.0,0.0,1.0,0.0,0.0,3.0,2.0,3.0
493,0.0,0.0,-2.0,-1.0,-3.0,2.0,0.0,1.0,0.0,0.0,0.0,-1.0,0.0,1.0,0.0,-1.0,1.0,1.0,0.0,-1.0,0.0,0.0,-2.0,-2.0,0.0,-3.0,0.0,0.0,2.0,-2.0
494,1.0,1.0,0.0,-3.0,2.0,0.0,-1.0,0.0,0.0,0.0,-1.0,0.0,0.0,0.0,0.0,0.0,0.0,2.0,-1.0,0.0,0.0,0.0,2.0,0.0,0.0,1.0,0.0,0.0,0.0,0.0
495,3.0,0.0,0.0,0.0,-2.0,0.0,0.0,0.0,0.0,0.0,1.0,0.0,-1.0,1.0,0.0,0.0,0.0,0.0,-2.0,0.0,0.0,0.0,0.0,0.0,1.0,0.0,0.0,0.0,0.0,0.0
496,0.0,0.0,-2.0,0.0,-1.0,1.0,1.0,2.0,0.0,2.0,0.0,0.0,-1.0,1.0,-2.0,-1.0,1.0,2.0,1.0,1.0,4.0,-1.0,0.0,-1.0,0.0,-2.0,2.0,3.0,0.0,1.0
497,0.0,-1.0,0.0,-1.0,-1.0,2.0,0.0,0.0,-1.0,-2.0,-4.0,1.0,0.0,1.0,0.0,0.0,0.0,-1.0,3.0,1.0,-2.0,0.0,1.0,3.0,0.0,-3.0,0.0,2.0,2.0,0.0
498,0.0,0.0,-1.0,0.0,-3.0,-1.0,-2.0,0.0,0.0,-2.0,-1.0,-2.0,0.0,0.0,0.0,1.0,0.0,2.0,1.0,1.0,1.0,1.0,0.0,2.0,0.0,-2.0,0.0,2.0,0.0,0.0
499,0.0,2.0,-1.0,-1.0,0.0,0.0,-1.0,-2.0,1.0,0.0,2.0,-1.0,0.0,0.0,-1.0,-1.0,0.0,0.0,1.0,0.0,0.0,-2.0,1.0,1.0,0.0,0.0,0.0,1.0,0.0,-1.0
500,-1.0,3.0,3.0,1.0,0.0,1.0,0.0,0.0,0.0,3.0,-1.0,-3.0,2.0,0.0,0.0,1.0,0.0,1.0,0.0,1.0,1.0,0.0,0.0,0.0,-1.0,3.0,-1.0,4.0,0.0,0.0
501,1.0,1.0,2.0,3.0,-1.0,1.0,0.0,0.0,0.0,1.0,-3.0,-1.0,-1.0,0.0,1.0,-1.0,0.0,0.0,2.0,4.0,0.0,1.0,0.0,-4.0,0.0,-3.0,2.0,0.0,1.0,2.0
502,2.0,1.0,-2.0,3.0,1.0,-1.0,-2.0,0.0,1.0,3.0,2.0,-1.0,0.0,-1.0,0.0,0.0,2.0,-3.0,1.0,-1.0,3.0,0.0,-4.0,1.0,-2.0,2.0,4.0,0.0,0.0,2.0
503,0.0,1.0,-3.0,-3.0,3.0,-1.0,2.0,1.0,0.0,1.0,-3.0,-4.0,1.0,0.0,1.0,0.0,1.0,0.0,-3.0,0.0,0.0,1.0,0.0,0.0,0.0,1.0,-1.0,1.0,0.0,2.0
504,0.0,1.0,0.0,1.0,1.0,0.0,5.0,-1.0,1.0,0.0,3.0,2.0,0.0,0.0,-1.0,-1.0,-1.0,-2.0,2.0,2.0,5.0,0.0,-1.0,2.0,-1.0,5.0,2.0,1.0,0.0,0.0
505,1.0,0.0,0.0,-2.0,4.0,1.0,2.0,2.0,1.0,0.0,2.0,1.0,1.0,1.0,0.0,0.0,1.0,1.0,0.0,0.0,-1.0,0.0,-1.0,-2.0,0.0,0.0,1.0,-1.0,0.0,4.0
506,0.0,0.0,-3.0,-1.0,-2.0,0.0,2.0,-1.0,3.0,1.0,4.0,1.0,0.0,2.0,2.0,0.0,0.0,0.0,0.0,2.0,0.0,2.0,1.0,1.0,0.0,0.0,0.0,0.0,0.0,0.0
507,0.0,0.0,2.0,0.0,4.0,-3.0,1.0,2.0,0.0,-1.0,2.0,-1.0,0.0,1.0,0.0,0.0,0.0,1.0,1.0,2.0,1.0,0.0,-1.0,0.0,1.0,0.0,3.0,1.0,0.0,1.0
508,0.0,1.0,0.0,0.0,1.0,0.0,0.0,-1.0,0.0,0.0,0.0,0.0,0.0,0.0,0.0,0.0,0.0,0.0,-2.0,-1.0,0.0,-3.0,0.0,3.0,0.0,1.0,-1.0,0.0,0.0,2.0
509,2.0,1.0,0.0,-1.0,2.0,-1.0,-2.0,1.0,1.0,0.0,-2.0,0.0,1.0,0.0,0.0,0.0,0.0,0.0,-6.0,-4.0,0.0,-1.0,1.0,0.0,0.0,-2.0,-6.0,0.0,0.0,-2.0
510,0.0,1.0,-1.0,-3.0,1.0,0.0,-1.0,0.0,2.0,0.0,0.0,0.0,0.0,1.0,1.0,-1.0,2.0,0.0,1.0,2.0,1.0,0.0,3.0,0.0,0.0,2.0,-2.0,-1.0,1.0,-2.0
511,-2.0,5.0,-5.0,3.0,0.0,0.0,1.0,0.0,1.0,1.0,-4.0,2.0,0.0,-1.0,0.0,-1.0,0.0,2.0,3.0,0.0,0.0,1.0,-1.0,-3.0,0.0,1.0,2.0,0.0,-1.0,1.0
514,1.0,0.0,0.0,0.0,1.0,0.0,0.0,1.0,0.0,0.0,0.0,1.0,0.0,0.0,0.0,1.0,0.0,-1.0,0.0,0.0,0.0,0.0,0.0,0.0,0.0,-1.0,0.0,0.0,0.0,1.0
515,0.0,1.0,0.0,-1.0,0.0,-1.0,-4.0,0.0,0.0,-2.0,0.0,0.0,0.0,0.0,0.0,0.0,0.0,-1.0,-1.0,-3.0,-1.0,0.0,0.0,0.0,-2.0,-4.0,-1.0,2.0,0.0,0.0
517,-1.0,-1.0,-1.0,0.0,0.0,0.0,1.0,0.0,0.0,1.0,-2.0,0.0,0.0,-1.0,-1.0,-2.0,0.0,-2.0,0.0,3.0,-1.0,0.0,0.0,0.0,0.0,-1.0,2.0,-2.0,1.0,-2.0
518,0.0,0.0,0.0,0.0,0.0,0.0,0.0,0.0,0.0,0.0,0.0,0.0,0.0,0.0,0.0,1.0,0.0,0.0,0.0,0.0,1.0,0.0,0.0,0.0,0.0,0.0,0.0,0.0,0.0,0.0
519,-1.0,1.0,0.0,0.0,0.0,-2.0,1.0,1.0,0.0,-3.0,0.0,1.0,-1.0,0.0,0.0,0.0,0.0,0.0,1.0,-1.0,-1.0,0.0,0.0,0.0,3.0,0.0,0.0,0.0,0.0,1.0
520,1.0,1.0,4.0,-1.0,0.0,2.0,5.0,-1.0,1.0,1.0,1.0,2.0,3.0,2.0,0.0,2.0,-1.0,5.0,1.0,-1.0,1.0,1.0,0.0,2.0,1.0,0.0,2.0,0.0,1.0,3.0
522,0.0,1.0,0.0,0.0,0.0,0.0,1.0,0.0,0.0,1.0,1.0,0.0,0.0,0.0,0.0,1.0,0.0,-3.0,0.0,1.0,0.0,0.0,0.0,1.0,0.0,4.0,0.0,1.0,0.0,1.0
523,-2.0,0.0,-2.0,1.0,1.0,0.0,-4.0,2.0,0.0,0.0,0.0,1.0,-1.0,1.0,-1.0,1.0,1.0,3.0,-2.0,2.0,-1.0,0.0,2.0,1.0,0.0,-2.0,2.0,-1.0,0.0,-1.0
524,0.0,0.0,0.0,0.0,0.0,0.0,0.0,0.0,0.0,0.0,0.0,0.0,0.0,0.0,1.0,0.0,0.0,1.0,0.0,1.0,0.0,0.0,0.0,0.0,0.0,-1.0,0.0,0.0,0.0,0.0
525,2.0,-2.0,3.0,-1.0,0.0,1.0,1.0,0.0,0.0,-1.0,1.0,1.0,0.0,1.0,0.0,-1.0,2.0,-1.0,1.0,3.0,-1.0,0.0,0.0,2.0,0.0,1.0,-2.0,-1.0,0.0,0.0
526,-1.0,1.0,-3.0,2.0,0.0,0.0,0.0,2.0,0.0,0.0,-2.0,0.0,0.0,0.0,0.0,0.0,0.0,0.0,0.0,0.0,1.0,0.0,0.0,0.0,0.0,-2.0,1.0,1.0,0.0,1.0
527,0.0,0.0,0.0,0.0,0.0,0.0,2.0,1.0,0.0,1.0,0.0,0.0,0.0,0.0,-1.0,0.0,0.0,2.0,0.0,-1.0,0.0,1.0,0.0,0.0,0.0,0.0,0.0,2.0,0.0,-1.0
528,0.0,0.0,-1.0,0.0,0.0,0.0,0.0,0.0,0.0,0.0,0.0,0.0,0.0,1.0,0.0,0.0,0.0,1.0,-1.0,0.0,0.0,1.0,0.0,0.0,0.0,0.0,0.0,0.0,0.0,0.0
529,0.0,0.0,0.0,0.0,0.0,0.0,0.0,0.0,0.0,0.0,0.0,0.0,0.0,0.0,0.0,0.0,0.0,0.0,0.0,0.0,0.0,0.0,0.0,0.0,0.0,0.0,1.0,0.0,0.0,0.0
530,0.0,0.0,0.0,0.0,0.0,1.0,0.0,0.0,0.0,0.0,1.0,0.0,0.0,0.0,0.0,0.0,0.0,0.0,0.0,0.0,0.0,0.0,0.0,0.0,0.0,0.0,0.0,0.0,0.0,0.0
531,0.0,0.0,0.0,0.0,0.0,0.0,0.0,0.0,0.0,0.0,0.0,0.0,0.0,0.0,0.0,0.0,0.0,0.0,0.0,0.0,0.0,0.0,0.0,0.0,0.0,0.0,0.0,0.0,0.0,0.0
532,0.0,0.0,2.0,0.0,0.0,0.0,0.0,0.0,0.0,0.0,0.0,0.0,0.0,0.0,0.0,0.0,0.0,2.0,-1.0,0.0,0.0,0.0,0.0,0.0,0.0,-2.0,0.0,1.0,0.0,0.0
533,0.0,0.0,0.0,0.0,0.0,0.0,0.0,0.0,0.0,0.0,0.0,0.0,0.0,0.0,0.0,0.0,0.0,0.0,1.0,1.0,0.0,0.0,0.0,0.0,0.0,1.0,0.0,0.0,0.0,0.0
534,0.0,1.0,0.0,0.0,0.0,0.0,1.0,0.0,0.0,0.0,0.0,0.0,0.0,0.0,0.0,0.0,0.0,0.0,0.0,2.0,0.0,0.0,0.0,0.0,0.0,0.0,0.0,0.0,0.0,0.0
535,0.0,0.0,1.0,0.0,0.0,0.0,0.0,0.0,0.0,0.0,0.0,0.0,0.0,0.0,0.0,0.0,1.0,0.0,0.0,0.0,0.0,0.0,0.0,0.0,0.0,0.0,0.0,0.0,0.0,0.0
536,0.0,0.0,0.0,0.0,0.0,0.0,0.0,0.0,0.0,0.0,0.0,0.0,0.0,0.0,0.0,0.0,0.0,0.0,1.0,0.0,0.0,0.0,0.0,0.0,0.0,0.0,0.0,0.0,0.0,0.0
538,0.0,0.0,0.0,0.0,0.0,0.0,0.0,0.0,0.0,0.0,0.0,0.0,0.0,0.0,0.0,0.0,0.0,0.0,0.0,0.0,0.0,0.0,0.0,0.0,0.0,0.0,0.0,0.0,0.0,0.0
539,0.0,0.0,0.0,0.0,0.0,0.0,0.0,0.0,0.0,0.0,0.0,1.0,0.0,0.0,0.0,0.0,0.0,0.0,0.0,1.0,0.0,0.0,0.0,0.0,0.0,1.0,0.0,1.0,0.0,0.0
540,0.0,0.0,0.0,0.0,0.0,0.0,0.0,0.0,0.0,0.0,0.0,0.0,0.0,0.0,0.0,0.0,0.0,0.0,0.0,0.0,0.0,0.0,0.0,0.0,0.0,0.0,0.0,0.0,0.0,0.0
541,1.0,0.0,0.0,0.0,1.0,0.0,0.0,0.0,0.0,0.0,0.0,0.0,0.0,0.0,0.0,1.0,0.0,0.0,0.0,0.0,0.0,0.0,0.0,0.0,0.0,0.0,0.0,0.0,0.0,0.0
542,0.0,1.0,0.0,0.0,0.0,0.0,0.0,1.0,0.0,0.0,0.0,0.0,0.0,0.0,0.0,0.0,0.0,0.0,0.0,0.0,0.0,0.0,0.0,0.0,1.0,-2.0,0.0,0.0,0.0,0.0
543,0.0,0.0,0.0,0.0,0.0,0.0,0.0,0.0,0.0,0.0,0.0,0.0,0.0,0.0,0.0,0.0,0.0,0.0,0.0,0.0,0.0,0.0,0.0,0.0,1.0,0.0,0.0,0.0,0.0,0.0
544,0.0,0.0,0.0,0.0,0.0,0.0,0.0,0.0,0.0,0.0,0.0,0.0,0.0,1.0,0.0,0.0,0.0,0.0,0.0,0.0,0.0,0.0,0.0,0.0,0.0,2.0,0.0,0.0,0.0,0.0
545,0.0,0.0,0.0,0.0,0.0,0.0,0.0,0.0,0.0,0.0,0.0,0.0,0.0,0.0,0.0,0.0,0.0,0.0,0.0,0.0,0.0,0.0,0.0,0.0,0.0,0.0,0.0,0.0,0.0,0.0
546,0.0,1.0,0.0,1.0,0.0,0.0,1.0,0.0,0.0,0.0,0.0,0.0,0.0,0.0,0.0,0.0,0.0,-1.0,0.0,0.0,0.0,0.0,0.0,0.0,0.0,1.0,0.0,0.0,0.0,-1.0
547,1.0,0.0,1.0,-2.0,0.0,1.0,0.0,1.0,0.0,2.0,0.0,0.0,0.0,0.0,0.0,0.0,0.0,0.0,0.0,1.0,0.0,0.0,0.0,1.0,0.0,-1.0,0.0,1.0,0.0,0.0
548,-1.0,0.0,-1.0,1.0,0.0,0.0,0.0,0.0,0.0,0.0,0.0,0.0,0.0,0.0,0.0,0.0,0.0,0.0,0.0,0.0,0.0,0.0,0.0,0.0,0.0,0.0,0.0,0.0,0.0,0.0
549,0.0,0.0,0.0,0.0,0.0,0.0,0.0,0.0,0.0,0.0,0.0,0.0,0.0,0.0,0.0,0.0,0.0,0.0,0.0,0.0,0.0,0.0,0.0,0.0,0.0,0.0,0.0,0.0,0.0,0.0
550,0.0,0.0,1.0,0.0,0.0,-1.0,0.0,0.0,0.0,1.0,0.0,0.0,0.0,0.0,0.0,0.0,0.0,0.0,0.0,0.0,0.0,0.0,0.0,0.0,0.0,0.0,0.0,0.0,0.0,0.0
551,0.0,0.0,0.0,0.0,0.0,-2.0,0.0,0.0,0.0,0.0,0.0,0.0,0.0,0.0,0.0,0.0,0.0,0.0,0.0,0.0,0.0,0.0,0.0,1.0,0.0,0.0,0.0,0.0,0.0,0.0
552,-1.0,0.0,0.0,0.0,0.0,0.0,0.0,0.0,0.0,0.0,0.0,1.0,0.0,0.0,1.0,0.0,0.0,0.0,0.0,0.0,0.0,0.0,1.0,0.0,0.0,2.0,0.0,0.0,0.0,0.0
554,0.0,0.0,0.0,0.0,0.0,0.0,0.0,0.0,-1.0,0.0,0.0,0.0,0.0,0.0,0.0,0.0,0.0,0.0,0.0,0.0,0.0,0.0,0.0,0.0,0.0,0.0,0.0,0.0,0.0,0.0
555,0.0,0.0,0.0,0.0,0.0,0.0,0.0,0.0,0.0,0.0,0.0,0.0,0.0,0.0,0.0,0.0,0.0,0.0,0.0,0.0,0.0,0.0,0.0,0.0,0.0,0.0,0.0,0.0,0.0,0.0
556,0.0,0.0,0.0,0.0,0.0,0.0,0.0,0.0,0.0,0.0,0.0,0.0,0.0,0.0,0.0,0.0,0.0,0.0,0.0,0.0,0.0,0.0,0.0,0.0,0.0,0.0,0.0,0.0,0.0,0.0
557,0.0,0.0,0.0,0.0,0.0,0.0,0.0,0.0,0.0,0.0,0.0,2.0,1.0,0.0,0.0,0.0,0.0,0.0,0.0,0.0,0.0,0.0,0.0,0.0,0.0,0.0,0.0,0.0,0.0,0.0
558,0.0,0.0,0.0,0.0,0.0,0.0,2.0,0.0,0.0,0.0,0.0,0.0,0.0,1.0,0.0,0.0,0.0,0.0,0.0,0.0,0.0,0.0,0.0,0.0,0.0,0.0,0.0,0.0,0.0,0.0
559,0.0,0.0,0.0,0.0,1.0,1.0,0.0,0.0,0.0,0.0,0.0,-1.0,0.0,0.0,0.0,0.0,0.0,0.0,0.0,0.0,1.0,0.0,0.0,0.0,0.0,0.0,0.0,0.0,0.0,0.0
561,0.0,0.0,0.0,0.0,0.0,0.0,0.0,0.0,0.0,0.0,0.0,0.0,0.0,0.0,0.0,0.0,0.0,0.0,0.0,0.0,0.0,0.0,0.0,0.0,0.0,0.0,0.0,0.0,0.0,0.0
562,0.0,0.0,0.0,0.0,0.0,0.0,0.0,0.0,0.0,0.0,0.0,0.0,0.0,0.0,0.0,0.0,0.0,0.0,0.0,0.0,0.0,0.0,0.0,0.0,0.0,0.0,0.0,0.0,0.0,0.0
563,0.0,0.0,0.0,0.0,0.0,0.0,0.0,0.0,0.0,0.0,0.0,0.0,0.0,0.0,0.0,0.0,0.0,0.0,1.0,0.0,0.0,0.0,0.0,0.0,0.0,0.0,0.0,0.0,0.0,0.0
564,0.0,0.0,0.0,0.0,0.0,0.0,0.0,0.0,0.0,0.0,0.0,0.0,0.0,0.0,0.0,0.0,0.0,0.0,0.0,0.0,0.0,0.0,0.0,0.0,0.0,0.0,0.0,0.0,0.0,0.0
565,0.0,0.0,0.0,0.0,0.0,0.0,0.0,0.0,0.0,0.0,0.0,0.0,0.0,0.0,0.0,1.0,0.0,0.0,0.0,0.0,0.0,0.0,0.0,1.0,0.0,0.0,0.0,0.0,0.0,0.0
567,0.0,0.0,0.0,0.0,0.0,0.0,0.0,0.0,0.0,0.0,0.0,0.0,0.0,0.0,0.0,0.0,0.0,0.0,0.0,0.0,0.0,0.0,0.0,0.0,0.0,0.0,0.0,0.0,0.0,0.0
568,0.0,0.0,0.0,0.0,0.0,0.0,0.0,0.0,0.0,0.0,0.0,0.0,0.0,0.0,0.0,0.0,0.0,0.0,0.0,0.0,0.0,0.0,0.0,0.0,0.0,0.0,0.0,2.0,0.0,0.0
569,0.0,0.0,0.0,0.0,0.0,0.0,0.0,0.0,1.0,0.0,0.0,0.0,0.0,0.0,0.0,0.0,0.0,0.0,0.0,0.0,0.0,0.0,0.0,0.0,0.0,0.0,0.0,0.0,0.0,0.0
570,0.0,0.0,0.0,0.0,1.0,0.0,0.0,1.0,0.0,0.0,0.0,0.0,0.0,0.0,0.0,0.0,0.0,1.0,0.0,0.0,0.0,0.0,0.0,0.0,0.0,0.0,0.0,0.0,0.0,0.0
571,0.0,0.0,0.0,0.0,0.0,1.0,0.0,0.0,0.0,0.0,0.0,0.0,0.0,0.0,0.0,0.0,0.0,0.0,0.0,1.0,0.0,0.0,0.0,0.0,0.0,0.0,0.0,0.0,0.0,0.0
572,0.0,0.0,0.0,0.0,0.0,0.0,0.0,0.0,0.0,0.0,0.0,0.0,0.0,0.0,0.0,0.0,0.0,0.0,0.0,0.0,0.0,0.0,0.0,0.0,0.0,0.0,1.0,1.0,0.0,0.0
573,0.0,0.0,0.0,1.0,0.0,0.0,0.0,0.0,2.0,1.0,0.0,0.0,1.0,1.0,0.0,0.0,0.0,1.0,1.0,0.0,0.0,0.0,1.0,0.0,0.0,1.0,0.0,1.0,0.0,0.0
574,0.0,0.0,0.0,0.0,0.0,0.0,0.0,0.0,0.0,0.0,0.0,0.0,0.0,0.0,0.0,0.0,0.0,0.0,0.0,0.0,0.0,0.0,0.0,0.0,0.0,0.0,0.0,0.0,0.0,0.0
575,0.0,0.0,1.0,0.0,0.0,0.0,1.0,0.0,1.0,0.0,0.0,0.0,0.0,0.0,0.0,0.0,0.0,0.0,0.0,0.0,0.0,0.0,0.0,0.0,0.0,0.0,0.0,0.0,0.0,0.0
577,0.0,0.0,1.0,0.0,0.0,0.0,0.0,1.0,1.0,0.0,1.0,0.0,0.0,0.0,0.0,0.0,0.0,0.0,0.0,0.0,0.0,0.0,0.0,1.0,0.0,0.0,0.0,0.0,0.0,0.0
578,0.0,0.0,0.0,0.0,0.0,0.0,0.0,0.0,0.0,0.0,0.0,0.0,0.0,0.0,0.0,0.0,0.0,0.0,1.0,0.0,0.0,0.0,1.0,0.0,0.0,0.0,0.0,0.0,0.0,0.0
579,0.0,1.0,0.0,0.0,-1.0,0.0,2.0,1.0,0.0,0.0,0.0,0.0,0.0,0.0,0.0,0.0,0.0,0.0,0.0,1.0,0.0,0.0,0.0,0.0,0.0,0.0,0.0,0.0,0.0,0.0
580,0.0,0.0,0.0,0.0,0.0,0.0,0.0,0.0,0.0,0.0,0.0,0.0,0.0,0.0,0.0,0.0,0.0,0.0,0.0,0.0,0.0,0.0,0.0,0.0,0.0,0.0,0.0,0.0,0.0,0.0
581,0.0,0.0,1.0,0.0,0.0,0.0,0.0,0.0,0.0,0.0,0.0,0.0,0.0,0.0,0.0,0.0,0.0,0.0,0.0,0.0,0.0,0.0,0.0,0.0,0.0,0.0,0.0,0.0,0.0,0.0
583,0.0,0.0,0.0,0.0,0.0,0.0,0.0,0.0,0.0,0.0,0.0,0.0,0.0,0.0,0.0,0.0,0.0,1.0,0.0,0.0,0.0,0.0,0.0,0.0,0.0,0.0,0.0,0.0,0.0,0.0
584,0.0,0.0,0.0,0.0,0.0,0.0,0.0,0.0,0.0,0.0,0.0,0.0,0.0,0.0,0.0,0.0,0.0,0.0,0.0,0.0,0.0,0.0,0.0,0.0,0.0,0.0,0.0,0.0,0.0,0.0
585,0.0,0.0,1.0,0.0,0.0,0.0,0.0,0.0,0.0,0.0,1.0,0.0,0.0,1.0,0.0,0.0,0.0,0.0,0.0,0.0,0.0,0.0,0.0,0.0,0.0,0.0,0.0,1.0,0.0,0.0
586,0.0,0.0,0.0,0.0,1.0,0.0,0.0,0.0,0.0,0.0,1.0,0.0,0.0,0.0,0.0,0.0,0.0,0.0,2.0,0.0,0.0,0.0,0.0,0.0,0.0,-3.0,0.0,0.0,0.0,0.0
587,0.0,0.0,0.0,0.0,0.0,0.0,0.0,0.0,0.0,0.0,0.0,0.0,0.0,0.0,0.0,0.0,0.0,0.0,-1.0,0.0,0.0,0.0,0.0,0.0,0.0,1.0,0.0,0.0,0.0,0.0
588,0.0,0.0,1.0,0.0,0.0,0.0,0.0,0.0,0.0,0.0,0.0,0.0,0.0,1.0,0.0,0.0,0.0,0.0,0.0,0.0,0.0,0.0,0.0,0.0,0.0,-1.0,-1.0,0.0,0.0,0.0
589,1.0,-1.0,2.0,0.0,2.0,0.0,0.0,0.0,-1.0,0.0,-2.0,-1.0,0.0,0.0,0.0,-1.0,-2.0,1.0,0.0,1.0,-3.0,0.0,-1.0,0.0,0.0,3.0,0.0,-1.0,0.0,0.0
590,0.0,0.0,0.0,0.0,0.0,0.0,0.0,0.0,0.0,0.0,0.0,0.0,1.0,0.0,0.0,0.0,0.0,2.0,2.0,0.0,0.0,0.0,0.0,0.0,0.0,0.0,0.0,-1.0,0.0,1.0
591,0.0,0.0,0.0,-1.0,0.0,0.0,1.0,1.0,0.0,0.0,-1.0,0.0,0.0,0.0,-1.0,1.0,0.0,0.0,1.0,0.0,0.0,0.0,0.0,0.0,0.0,-1.0,-1.0,0.0,0.0,0.0
592,0.0,0.0,2.0,0.0,0.0,0.0,2.0,2.0,2.0,0.0,-1.0,0.0,0.0,1.0,0.0,0.0,0.0,0.0,0.0,0.0,0.0,0.0,1.0,0.0,0.0,0.0,0.0,0.0,0.0,0.0
593,0.0,0.0,0.0,0.0,0.0,0.0,0.0,3.0,0.0,0.0,1.0,0.0,0.0,0.0,0.0,0.0,0.0,0.0,0.0,3.0,0.0,0.0,0.0,0.0,0.0,0.0,2.0,0.0,0.0,0.0
594,0.0,0.0,1.0,0.0,0.0,0.0,0.0,0.0,1.0,0.0,0.0,0.0,0.0,0.0,0.0,0.0,0.0,0.0,0.0,-1.0,0.0,0.0,0.0,0.0,0.0,0.0,0.0,0.0,0.0,0.0
595,0.0,0.0,0.0,0.0,0.0,1.0,0.0,0.0,0.0,0.0,2.0,0.0,0.0,0.0,0.0,0.0,0.0,1.0,-1.0,0.0,0.0,0.0,0.0,0.0,0.0,-1.0,0.0,0.0,1.0,0.0
596,-1.0,-1.0,-3.0,1.0,0.0,1.0,1.0,-2.0,0.0,1.0,-3.0,0.0,-2.0,0.0,0.0,2.0,0.0,-3.0,3.0,2.0,-1.0,0.0,-1.0,-2.0,-1.0,4.0,2.0,2.0,1.0,1.0
597,1.0,0.0,4.0,0.0,-1.0,0.0,-1.0,0.0,0.0,0.0,0.0,0.0,2.0,0.0,0.0,0.0,0.0,0.0,-5.0,0.0,0.0,-2.0,1.0,-1.0,0.0,0.0,0.0,2.0,0.0,0.0
598,0.0,1.0,-2.0,0.0,0.0,0.0,0.0,-1.0,0.0,3.0,0.0,0.0,0.0,0.0,1.0,0.0,0.0,1.0,0.0,0.0,0.0,2.0,0.0,0.0,0.0,1.0,0.0,1.0,0.0,-1.0
599,0.0,0.0,0.0,0.0,0.0,0.0,0.0,0.0,0.0,0.0,-1.0,0.0,0.0,0.0,0.0,0.0,0.0,0.0,0.0,1.0,0.0,0.0,0.0,0.0,0.0,0.0,0.0,0.0,0.0,0.0
600,1.0,0.0,0.0,0.0,0.0,0.0,0.0,0.0,0.0,0.0,0.0,0.0,0.0,0.0,0.0,0.0,0.0,1.0,0.0,0.0,0.0,0.0,0.0,0.0,0.0,0.0,0.0,-1.0,0.0,0.0
601,1.0,-3.0,1.0,0.0,1.0,1.0,-3.0,1.0,-2.0,1.0,0.0,0.0,0.0,2.0,-1.0,1.0,-1.0,1.0,-1.0,1.0,0.0,0.0,1.0,-1.0,-1.0,1.0,-1.0,-1.0,0.0,0.0
602,0.0,3.0,-1.0,0.0,1.0,0.0,0.0,0.0,1.0,-1.0,1.0,1.0,1.0,0.0,1.0,0.0,2.0,1.0,1.0,1.0,-1.0,0.0,0.0,0.0,1.0,1.0,0.0,1.0,0.0,0.0
603,0.0,0.0,-2.0,0.0,-1.0,0.0,1.0,0.0,1.0,0.0,3.0,-2.0,0.0,1.0,0.0,0.0,0.0,2.0,-1.0,-3.0,0.0,0.0,1.0,-1.0,0.0,0.0,0.0,2.0,0.0,0.0
604,0.0,2.0,-3.0,0.0,0.0,0.0,-1.0,1.0,0.0,1.0,-2.0,-1.0,2.0,0.0,0.0,0.0,0.0,0.0,-3.0,-1.0,1.0,1.0,1.0,-1.0,0.0,-6.0,0.0,-1.0,0.0,1.0
605,0.0,1.0,2.0,0.0,3.0,1.0,-1.0,0.0,1.0,0.0,0.0,2.0,1.0,0.0,0.0,0.0,1.0,-2.0,3.0,1.0,0.0,0.0,0.0,0.0,0.0,2.0,1.0,0.0,0.0,0.0
619,0.0,0.0,0.0,0.0,0.0,0.0,3.0,1.0,0.0,0.0,0.0,0.0,0.0,0.0,0.0,0.0,0.0,0.0,0.0,0.0,0.0,0.0,0.0,0.0,0.0,1.0,0.0,0.0,0.0,0.0
620,1.0,-1.0,1.0,3.0,3.0,-4.0,0.0,0.0,-1.0,4.0,-4.0,2.0,-1.0,5.0,-1.0,-3.0,-1.0,-5.0,4.0,-1.0,0.0,0.0,0.0,0.0,2.0,6.0,4.0,0.0,2.0,-2.0
621,-1.0,-2.0,1.0,2.0,-1.0,0.0,-1.0,0.0,3.0,0.0,0.0,-2.0,1.0,-1.0,0.0,0.0,2.0,1.0,-4.0,2.0,-2.0,0.0,-2.0,0.0,0.0,0.0,0.0,2.0,0.0,0.0
622,1.0,-2.0,1.0,0.0,0.0,-3.0,4.0,-1.0,-1.0,-3.0,-2.0,2.0,0.0,-2.0,-1.0,-2.0,0.0,-2.0,-2.0,-1.0,-2.0,-1.0,-1.0,2.0,0.0,4.0,1.0,-2.0,0.0,-1.0
623,-1.0,-1.0,1.0,1.0,1.0,5.0,-2.0,6.0,1.0,-4.0,3.0,-1.0,-1.0,-2.0,-1.0,5.0,2.0,-2.0,-1.0,2.0,3.0,1.0,0.0,0.0,0.0,-9.0,-4.0,4.0,0.0,0.0
624,0.0,-2.0,0.0,1.0,0.0,-1.0,0.0,0.0,0.0,4.0,1.0,1.0,0.0,0.0,0.0,1.0,0.0,-1.0,0.0,2.0,0.0,-1.0,0.0,1.0,1.0,2.0,0.0,-2.0,0.0,0.0
625,-1.0,1.0,1.0,0.0,0.0,0.0,3.0,2.0,-3.0,0.0,-3.0,1.0,0.0,1.0,0.0,0.0,-1.0,1.0,1.0,-1.0,2.0,0.0,-1.0,0.0,0.0,-2.0,0.0,-6.0,0.0,0.0
626,-5.0,1.0,2.0,0.0,0.0,-1.0,6.0,3.0,-2.0,2.0,1.0,1.0,2.0,2.0,1.0,1.0,0.0,0.0,-3.0,1.0,2.0,1.0,1.0,6.0,1.0,3.0,-2.0,1.0,0.0,1.0
627,2.0,3.0,2.0,0.0,-4.0,-2.0,6.0,2.0,-3.0,2.0,0.0,-2.0,-1.0,-2.0,2.0,3.0,-1.0,2.0,1.0,2.0,2.0,3.0,-1.0,-2.0,0.0,-8.0,0.0,-4.0,-2.0,3.0
628,1.0,-3.0,0.0,0.0,1.0,0.0,0.0,-1.0,0.0,0.0,1.0,0.0,-1.0,1.0,-1.0,0.0,3.0,1.0,-2.0,-2.0,-3.0,-1.0,0.0,1.0,2.0,-2.0,0.0,0.0,0.0,1.0
630,0.0,0.0,-2.0,0.0,0.0,0.0,-1.0,0.0,0.0,1.0,3.0,0.0,0.0,0.0,1.0,0.0,0.0,0.0,1.0,0.0,0.0,0.0,0.0,1.0,1.0,0.0,0.0,0.0,0.0,0.0
631,1.0,0.0,0.0,0.0,0.0,0.0,-2.0,1.0,1.0,1.0,0.0,1.0,0.0,0.0,0.0,0.0,0.0,0.0,0.0,2.0,1.0,1.0,0.0,0.0,0.0,0.0,0.0,0.0,0.0,0.0
632,-1.0,-1.0,-5.0,-3.0,-5.0,-3.0,0.0,3.0,0.0,-2.0,0.0,0.0,1.0,0.0,0.0,1.0,0.0,2.0,-2.0,0.0,1.0,0.0,1.0,0.0,0.0,-10.0,-1.0,0.0,0.0,-1.0
635,-1.0,0.0,-1.0,1.0,2.0,0.0,2.0,-2.0,-1.0,-1.0,1.0,1.0,0.0,0.0,2.0,-2.0,1.0,-3.0,0.0,-2.0,0.0,-4.0,-1.0,-3.0,-3.0,1.0,-9.0,-2.0,-2.0,-4.0
636,-2.0,2.0,0.0,-1.0,-5.0,4.0,1.0,-1.0,1.0,-1.0,-7.0,8.0,-1.0,-2.0,1.0,1.0,-1.0,0.0,4.0,1.0,-2.0,-3.0,1.0,0.0,2.0,-3.0,1.0,1.0,0.0,1.0
637,-1.0,1.0,-1.0,0.0,-2.0,-3.0,-4.0,0.0,0.0,0.0,0.0,1.0,0.0,0.0,0.0,-1.0,0.0,0.0,1.0,-1.0,0.0,0.0,0.0,0.0,0.0,-5.0,0.0,-5.0,0.0,-1.0
638,2.0,-1.0,3.0,0.0,-1.0,2.0,-1.0,0.0,1.0,0.0,0.0,1.0,-3.0,-1.0,1.0,3.0,3.0,1.0,2.0,-2.0,-1.0,1.0,0.0,4.0,0.0,-2.0,-4.0,-1.0,0.0,1.0
639,0.0,0.0,0.0,0.0,0.0,0.0,0.0,0.0,0.0,0.0,0.0,0.0,0.0,0.0,0.0,0.0,0.0,0.0,0.0,1.0,0.0,0.0,0.0,0.0,0.0,0.0,0.0,0.0,0.0,0.0
640,0.0,0.0,1.0,-1.0,0.0,0.0,0.0,0.0,0.0,0.0,0.0,2.0,1.0,0.0,0.0,0.0,0.0,0.0,1.0,0.0,0.0,0.0,0.0,0.0,0.0,0.0,0.0,0.0,0.0,0.0
641,0.0,0.0,0.0,0.0,0.0,0.0,-3.0,0.0,0.0,0.0,0.0,1.0,0.0,1.0,0.0,0.0,0.0,0.0,0.0,0.0,0.0,0.0,0.0,0.0,0.0,0.0,0.0,0.0,0.0,0.0
642,0.0,0.0,0.0,1.0,0.0,0.0,0.0,0.0,0.0,0.0,0.0,0.0,0.0,0.0,0.0,0.0,0.0,0.0,0.0,0.0,1.0,0.0,0.0,0.0,0.0,0.0,0.0,0.0,0.0,0.0
643,0.0,0.0,-3.0,0.0,0.0,0.0,-1.0,0.0,0.0,0.0,0.0,0.0,0.0,0.0,0.0,0.0,0.0,-1.0,-1.0,0.0,0.0,0.0,0.0,0.0,0.0,0.0,0.0,0.0,0.0,0.0
644,0.0,0.0,4.0,0.0,-6.0,0.0,-1.0,2.0,0.0,-4.0,0.0,1.0,1.0,1.0,0.0,0.0,0.0,0.0,0.0,0.0,0.0,0.0,0.0,0.0,0.0,-2.0,-1.0,0.0,0.0,-1.0
645,0.0,0.0,0.0,0.0,0.0,1.0,2.0,0.0,0.0,0.0,0.0,0.0,-1.0,0.0,0.0,0.0,0.0,0.0,2.0,0.0,0.0,1.0,0.0,0.0,0.0,0.0,0.0,0.0,0.0,0.0
646,0.0,0.0,0.0,0.0,0.0,0.0,1.0,0.0,0.0,0.0,0.0,0.0,0.0,0.0,0.0,0.0,0.0,0.0,0.0,0.0,0.0,0.0,0.0,0.0,0.0,0.0,1.0,1.0,0.0,0.0
648,0.0,0.0,0.0,0.0,0.0,0.0,0.0,0.0,0.0,0.0,0.0,0.0,0.0,0.0,0.0,0.0,0.0,1.0,1.0,0.0,0.0,0.0,0.0,0.0,0.0,0.0,0.0,0.0,0.0,0.0
649,0.0,0.0,0.0,0.0,1.0,0.0,0.0,0.0,0.0,0.0,0.0,0.0,0.0,0.0,0.0,0.0,0.0,0.0,0.0,0.0,0.0,0.0,0.0,0.0,0.0,0.0,0.0,0.0,0.0,0.0
650,0.0,0.0,0.0,0.0,0.0,0.0,0.0,0.0,0.0,0.0,0.0,0.0,0.0,0.0,0.0,0.0,0.0,0.0,0.0,0.0,0.0,0.0,0.0,0.0,0.0,0.0,0.0,0.0,0.0,0.0
651,0.0,0.0,0.0,0.0,0.0,0.0,0.0,0.0,0.0,0.0,0.0,0.0,0.0,1.0,0.0,0.0,0.0,0.0,0.0,0.0,0.0,0.0,0.0,0.0,0.0,0.0,0.0,0.0,0.0,0.0
653,0.0,0.0,0.0,0.0,0.0,0.0,0.0,0.0,0.0,0.0,0.0,2.0,0.0,0.0,0.0,0.0,0.0,0.0,2.0,0.0,0.0,0.0,0.0,0.0,0.0,-1.0,0.0,1.0,0.0,0.0
654,-1.0,0.0,0.0,-1.0,-2.0,0.0,0.0,-1.0,0.0,0.0,-1.0,0.0,0.0,0.0,0.0,0.0,0.0,0.0,0.0,0.0,2.0,0.0,0.0,-2.0,0.0,-1.0,0.0,-1.0,0.0,-2.0
655,-1.0,0.0,-1.0,-1.0,0.0,0.0,-1.0,1.0,0.0,0.0,-2.0,0.0,0.0,0.0,0.0,0.0,0.0,0.0,0.0,-1.0,-1.0,-1.0,1.0,0.0,0.0,-1.0,0.0,0.0,0.0,-1.0
656,0.0,0.0,0.0,0.0,0.0,0.0,0.0,0.0,0.0,1.0,0.0,0.0,0.0,0.0,0.0,0.0,0.0,0.0,1.0,0.0,0.0,0.0,0.0,0.0,0.0,0.0,0.0,0.0,0.0,0.0
657,-1.0,4.0,1.0,3.0,2.0,3.0,0.0,-1.0,0.0,4.0,6.0,5.0,2.0,1.0,0.0,0.0,-1.0,2.0,-1.0,2.0,-2.0,3.0,-1.0,2.0,3.0,1.0,1.0,0.0,-1.0,-1.0
658,0.0,-1.0,-2.0,0.0,0.0,0.0,-1.0,0.0,-1.0,0.0,0.0,1.0,0.0,0.0,0.0,1.0,-2.0,0.0,0.0,-3.0,1.0,0.0,0.0,-2.0,0.0,-6.0,-2.0,-2.0,0.0,-3.0
659,2.0,1.0,-1.0,-3.0,0.0,-1.0,-1.0,-1.0,4.0,0.0,-4.0,-2.0,2.0,0.0,0.0,-1.0,0.0,3.0,-2.0,2.0,3.0,1.0,1.0,-2.0,0.0,4.0,2.0,3.0,0.0,0.0
660,0.0,-1.0,1.0,1.0,-1.0,2.0,-5.0,3.0,0.0,1.0,-6.0,3.0,0.0,1.0,1.0,1.0,0.0,0.0,3.0,-1.0,-1.0,1.0,0.0,0.0,0.0,0.0,3.0,-1.0,0.0,-2.0
661,0.0,0.0,0.0,0.0,0.0,0.0,-1.0,0.0,0.0,0.0,2.0,0.0,0.0,0.0,2.0,0.0,0.0,-1.0,0.0,-1.0,0.0,0.0,0.0,0.0,0.0,0.0,0.0,0.0,0.0,0.0
662,0.0,0.0,0.0,0.0,0.0,0.0,0.0,0.0,0.0,0.0,0.0,0.0,0.0,0.0,0.0,0.0,0.0,2.0,0.0,0.0,0.0,1.0,0.0,0.0,0.0,1.0,0.0,0.0,0.0,0.0
663,0.0,0.0,0.0,0.0,0.0,0.0,2.0,0.0,0.0,0.0,0.0,0.0,0.0,0.0,0.0,0.0,0.0,-2.0,0.0,0.0,0.0,0.0,0.0,0.0,0.0,0.0,0.0,0.0,0.0,0.0
664,-1.0,2.0,2.0,0.0,1.0,-2.0,-1.0,-1.0,-1.0,-2.0,0.0,0.0,0.0,0.0,1.0,0.0,0.0,0.0,0.0,0.0,0.0,0.0,1.0,0.0,0.0,0.0,-1.0,-2.0,0.0,0.0
666,0.0,1.0,1.0,0.0,1.0,0.0,0.0,-1.0,-1.0,1.0,0.0,0.0,0.0,0.0,0.0,1.0,1.0,0.0,0.0,0.0,0.0,2.0,1.0,1.0,0.0,0.0,0.0,0.0,0.0,0.0
671,0.0,0.0,0.0,0.0,0.0,0.0,0.0,0.0,0.0,0.0,0.0,0.0,0.0,0.0,0.0,0.0,0.0,0.0,0.0,0.0,0.0,0.0,0.0,-3.0,0.0,0.0,0.0,0.0,0.0,0.0
672,1.0,-2.0,0.0,-2.0,0.0,0.0,2.0,1.0,1.0,-2.0,-1.0,-1.0,0.0,2.0,3.0,0.0,-1.0,5.0,-1.0,5.0,3.0,0.0,3.0,-3.0,0.0,8.0,1.0,-3.0,0.0,5.0
673,0.0,9.0,-3.0,-3.0,-2.0,0.0,3.0,0.0,1.0,-5.0,-3.0,2.0,-1.0,-3.0,2.0,0.0,1.0,0.0,5.0,1.0,-5.0,-4.0,4.0,0.0,-2.0,1.0,-2.0,-1.0,0.0,-2.0
